,count,mean,std,min,25%,50%,75%,max
rpi,600.0,0.00247681593440728,0.005814642489515854,-0.0504798071386964,0.000581254607273825,0.0026463384959045,0.004688392973985575,0.0404531096689968
w875rx1,600.0,0.0022804173305211554,0.006014250897612697,-0.0602782345857697,3.664083748056157e-05,0.00272268295779815,0.0047104326484159005,0.0401145747638818
dpcera3m086sbea,600.0,0.0025398213958006495,0.005035665170537738,-0.0253894637664395,-3.689895606284743e-05,0.002535981395902,0.005388934642924925,0.0238811050027827
cmrmtsplx,600.0,0.0021546301284971654,0.009619062946271987,-0.0320788164389274,-0.00330594594651715,0.00220572625247415,0.008156850282653649,0.0354353014508852
retailx,600.0,0.004770830261764752,0.012018533261949772,-0.0667186776790842,-0.0008913081729637499,0.00491868011773805,0.01106422082205235,0.0647096500591839
indpro,600.0,0.0017342339073415842,0.0073482782009561725,-0.0442963947744923,-0.001789627245789275,0.002167830911367,0.00594286210209525,0.0237548545572594
ipfpnss,600.0,0.0016626311693870449,0.007175471925048176,-0.0324975159994775,-0.00256535537760035,0.0022045251152542,0.00596267633039835,0.0285639698966351
ipfinal,600.0,0.001691857753420235,0.007828490512339676,-0.0333447291439141,-0.002844170785426725,0.001905657058407,0.006780201212130725,0.0295505929691568
ipcongd,600.0,0.0012640391875108118,0.008416156843208672,-0.0323460783787181,-0.0036142209660383253,0.001283546456142,0.006427322859097575,0.0421821079259956
ipdcongd,600.0,0.001875975799517788,0.020381147989040914,-0.1122413811219598,-0.007633008471700925,0.00213800581938445,0.01278277296522825,0.1118594808788584
ipncongd,600.0,0.001042803842907657,0.007350039394351051,-0.0246936701551101,-0.0038809549415891754,0.00115951818020705,0.005749123182377774,0.0246995656156281
ipbuseq,600.0,0.003097401763854341,0.012065259671265045,-0.0826329018579503,-0.0032935797236605248,0.0037466769896290003,0.01040067073097955,0.0527967245275267
ipmat,600.0,0.001839780637342168,0.009058071985057044,-0.0669218336321497,-0.002373875408832,0.0025789811222449,0.0067189561545755,0.0306621889220402
ipdmat,600.0,0.002614427063189528,0.01338213540146647,-0.0607654138633213,-0.00340243352832645,0.003835372812023,0.010292609008220675,0.0534964359449556
ipnmat,600.0,0.001118036103399731,0.010502917770767277,-0.0812297040451826,-0.00368856751558125,0.0015942618448812,0.006506248550183875,0.044833526757122
ipmansics,600.0,0.0018125398448649284,0.008196781990002825,-0.0456016385044097,-0.002348331416473925,0.0021033879255702497,0.0066861996164662,0.0272355118171678
ipb51222s,600.0,0.0016990895922186656,0.033995848648886474,-0.1233138907757629,-0.01605964821018555,0.0021039789250098502,0.020262967009502076,0.122404090753994
ipfuels,600.0,0.001393217512410792,0.019689236714073206,-0.0992124350144747,-0.010126873339439,0.00164709485867125,0.012329932626108351,0.1491503190330458
cumfns,600.0,-0.026387166666666673,0.6292077531942626,-3.7609000000000066,-0.34827500000000455,0.026000000000003298,0.334624999999999,1.8214000000000112
hwi,600.0,4.0,172.4539569821406,-727.0,-93.25,4.0,94.25,881.0
hwiuratio,600.0,-0.0006794250750000037,0.032765113879770005,-0.1713466369999998,-0.017823926749999924,0.0018453934999998999,0.019258180999999926,0.1082012909999999
clf16ov,600.0,0.0012226535495369647,0.0025345606393953617,-0.0117000866947059,-0.0002052009752948,0.00116072234909745,0.002542298636045225,0.0147996639871621
ce16ov,600.0,0.0012046808910549526,0.0027620459855399056,-0.0102948842623558,-0.00042563401831905,0.0013009228798618998,0.0028224668637796997,0.0150215675309581
unrate,600.0,0.001666666666666669,0.17601759157290905,-0.6999999999999993,-0.0999999999999996,0.0,0.0999999999999996,0.8999999999999995
uempmean,600.0,0.027,0.5778935324880231,-2.3000000000000007,-0.3000000000000007,0.0,0.3000000000000007,2.5
uemplt5,600.0,0.0007781891155928762,0.05412499522629812,-0.2006706954621506,-0.031934169168409354,0.00230519557028855,0.03398877264009222,0.2737466757802167
uemp5to14,600.0,0.001703095686409447,0.05355118019620061,-0.1508837706819106,-0.0328202352253235,0.00019798060048835,0.0341857371713392,0.2071162154071713
uemp15ov,600.0,0.0030640440294024433,0.04944788822923179,-0.1827731260046086,-0.0269965423660214,0.00034638118508605,0.0309288905184597,0.2352400128603564
uemp15t26,600.0,0.002308911571273083,0.0722646817047494,-0.363051874425925,-0.04518076371101835,0.00254093869267355,0.048715910419556675,0.2881457868120494
uemp27ov,600.0,0.0037184818188149603,0.06922536092209934,-0.2107210313156526,-0.036078095307877575,-0.00103796117325715,0.0415139507869444,0.281037529733112
claimsx,600.0,0.00032992567442182043,0.048159616189350204,-0.2241146272037966,-0.0283826883103599,-0.00269790748609195,0.0250876513310345,0.1998215987556353
payems,600.0,0.001339708420779129,0.0020999964097485574,-0.0077477009883324,0.000340492138611125,0.0015490188647415,0.00252724586432545,0.0122948527179467
usgood,600.0,-0.00017502825484796319,0.004529936054984583,-0.0235142549162574,-0.00199525291070565,0.0005514280401763001,0.002531229492247225,0.0152497259963411
ces1021000001,600.0,-4.2238285384757626e-05,0.019009648247257493,-0.19039350494754,-0.004301735584861975,0.0007071657399436999,0.0056508419082148004,0.2033957090538027
uscons,600.0,0.0012006383887580045,0.008273596082003813,-0.0408842784728147,-0.0026282213808007998,0.00216268105108325,0.005430010285555025,0.0563102740710697
manemp,600.0,-0.0006275844448885048,0.004410338875067579,-0.0297741770043558,-0.0019450239281866,-9.527779425950199e-05,0.001806896550621475,0.0166024842850269
dmanemp,600.0,-0.0006047104232302328,0.005846492471748253,-0.046676419595359,-0.002332197079885225,0.0,0.0024150497450169998,0.0286575057449063
ndmanemp,600.0,-0.0006646436798619451,0.0030937415915408256,-0.0166274614604908,-0.002088859826944325,-0.00028929399036485,0.001117880709315925,0.0114269997570559
srvprd,600.0,0.001783456945206665,0.0016917046565338859,-0.0060471922549041,0.00081736132416215,0.0018245527502144501,0.002860892011485575,0.0137584321160506
ustpu,600.0,0.0012715818383701222,0.0023148571064688424,-0.0074889367571238,5.750025766015909e-05,0.0014530301129952999,0.0026753026659043,0.0084197388598319
uswtrade,600.0,0.0010539288540725223,0.002435054346842033,-0.0080527845456792,-0.00041293006484450004,0.0012631600735719,0.0026803159793713,0.0079743135645742
ustrade,600.0,0.0014625321510407085,0.0027171271363701345,-0.008032656000994,-5.019559550678565e-06,0.00140549222783895,0.00309175610103455,0.0140833489828082
usfire,600.0,0.0017096918071201799,0.0020708744983883517,-0.007216591425708,0.000389024000909825,0.00176452773920835,0.0031981278299392747,0.0068819752823401
usgovt,600.0,0.0011471923146146306,0.002605790467677767,-0.0123710955866673,3.417401408523091e-05,0.0010335653717259,0.002270643898225125,0.0187430045148513
ces0600000007,600.0,40.2375,0.6284387868743304,37.2,39.9,40.2,40.7,41.6
awotman,600.0,0.0008333333333333343,0.1377713339425734,-0.8999999999999999,-0.0999999999999996,0.0,0.0999999999999996,0.7999999999999998
awhman,600.0,40.73233333333334,0.7164333069875781,37.3,40.3,40.7,41.3,42.2
houst,600.0,7.222810180450957,0.33680817771939103,6.169610732491456,7.042941479976191,7.302495515566868,7.4454170453191555,7.821643126239982
houstne,600.0,5.03058044350557,0.40549847102651165,3.58351893845611,4.818257263046882,5.030437921392435,5.308267697401205,5.978885764901122
houstmw,600.0,5.555195767082399,0.4372768654204103,4.07753744390572,5.357746006961436,5.662960480135946,5.858646421729061,6.380122536899765
housts,600.0,6.425282927495724,0.3186369762348555,5.438079308923196,6.234410725718371,6.455984109456143,6.654474477729326,7.079184394609668
houstw,600.0,5.782036076049954,0.40069619387966304,4.3694478524670215,5.567388479651496,5.855071922202427,6.0736199083474744,6.4692503167957724
permit,600.0,7.183881217201882,0.3288719790339378,6.240275845170769,6.992325467323191,7.24172432128964,7.424313601293701,7.791109510610028
permitne,600.0,5.0510201162535475,0.3910586378465326,4.060443010546419,4.804021044733257,5.075173815233827,5.308267697401205,6.054439346269371
permitmw,600.0,5.508896580089812,0.4068331865630847,4.343805421853684,5.25227342804663,5.6240175061873385,5.817111159963204,6.2285110035911835
permits,600.0,6.337322960513794,0.33359324396676926,5.3706380281276624,6.124683390894205,6.360438173122686,6.590301048196686,7.00669522683704
permitw,600.0,5.801870649455993,0.39827893787233615,4.574710978503383,5.5909869805108565,5.872117789475416,6.088473487695514,6.63200177739563
amdmnox,600.0,0.0036869088640861195,0.0385891134772023,-0.2101986811879843,-0.017430847723184952,0.00484038936022905,0.027365384857925577,0.210714184321997
amdmuox,600.0,0.004228510214855495,0.010126121188603652,-0.0258853969674053,-0.0024304152039870503,0.00351140984596115,0.009762921382776976,0.0530020602526359
businvx,600.0,0.004383513413613609,0.006047506325946801,-0.0204008331807212,0.001341491978139125,0.00447953433442635,0.0073336598865888745,0.0680775708231689
isratiox,600.0,-0.0003016556299999999,0.01791610574841971,-0.0619867549999999,-0.01,0.0,0.01,0.113642384
m1sl,600.0,4.435788268912397e-06,0.009186887710189356,-0.0808698656450417,-0.00355169329836205,-2.1574111848110533e-06,0.0035892294707819,0.0449646620201455
m2sl,600.0,3.7524506164842785e-06,0.003494888649090848,-0.0234759287315657,-0.0013355580133058,0.00011511342336315,0.00169958561392455,0.0159675558175207
m2real,600.0,0.0022026814415211536,0.004911661284229501,-0.0151739900660672,-0.000954144278106175,0.00215579052912315,0.00477345346841355,0.0300855423245565
ambsl,600.0,1.2955558817517532e-05,0.017909550235162768,-0.1397987212730118,-0.00353455948631245,-3.808853007214452e-05,0.00350464062128235,0.1324618901314274
totresns,600.0,4.540475088295172e-05,0.06787353484255193,-0.6270638617969491,-0.0207932002369022,0.0034589265975113,0.02329528795441525,0.8136557542426175
nonborres,600.0,3.687095557745226e-05,1.162549653886829,-18.13361735348081,-0.02461251745450475,0.0039037619433557,0.0251239904390001,21.26800412684716
busloans,600.0,-2.484799719413494e-06,0.006347257992676922,-0.0426313857359259,-0.00342767492665705,6.363597634839735e-05,0.0035344536317724502,0.0243864623218721
realln,600.0,-3.424872464297838e-06,0.0051146334986885015,-0.0421366353480117,-0.00172438931943825,5.906076355532974e-05,0.001806077027921275,0.0372910403104622
nonrevsl,600.0,-3.734464537228302e-07,0.00829951785043476,-0.0852801985180988,-0.00231279570643675,-2.493990957663783e-05,0.0019954986552799,0.0851775712462652
conspi,600.0,7.911146666662108e-06,0.001081989822392135,-0.009148209,-0.000411370249999925,6.876399999999894e-05,0.000495107249999925,0.008784338
s&p_500,600.0,0.005476408885378957,0.03638054556112298,-0.2280448152703016,-0.0126718600139481,0.008076511112772,0.028377561889570274,0.1135225377330879
s&p:_indust,600.0,0.005851778133872178,0.03643867311779978,-0.2237636043128645,-0.012498768540188025,0.008421988926062149,0.029232452592058627,0.1142335438751418
s&p_div_yield,600.0,-0.0024188906183333306,0.12389909415877796,-0.6357460930000007,-0.06047031299999937,-0.007236546,0.04722505650000005,0.5914028770000002
s&p_pe_ratio,600.0,0.0008426332173792983,0.04758893312335341,-0.2219703486072592,-0.0201811851802862,0.0018417557469001,0.024081305919966225,0.2352064112411183
fedfunds,600.0,-0.008916666666666668,0.5532218515966527,-6.629999999999999,-0.1025000000000009,0.0,0.12000000000000002,3.0600000000000005
cp3mx,600.0,-0.008816666666666667,0.5412676949392635,-6.289999999999999,-0.11,0.0,0.1399999999999996,3.0299999999999994
tb3ms,600.0,-0.008116666666666668,0.4581350957947743,-4.619999999999999,-0.11250000000000025,0.0,0.1299999999999999,2.610000000000001
tb6ms,600.0,-0.008283333333333335,0.42979735068982083,-4.23,-0.1200000000000001,0.0,0.13249999999999992,2.17
gs1,600.0,-0.007999999999999998,0.4497960955209703,-3.91,-0.15999999999999995,0.0,0.1600000000000001,1.9000000000000004
gs5,600.0,-0.006266666666666669,0.3455890360799273,-2.0299999999999994,-0.1899999999999996,-0.00999999999999985,0.1799999999999997,1.8599999999999992
gs10,600.0,-0.005033333333333336,0.2987206983928343,-1.7599999999999998,-0.1600000000000001,-0.0100000000000006,0.1600000000000001,1.6099999999999994
aaa,600.0,-0.002483333333333331,0.23761193595665744,-1.1799999999999995,-0.1199999999999992,-0.0099999999999997,0.1099999999999994,1.290000000000001
baa,600.0,-0.002366666666666665,0.22921088165560066,-1.0199999999999996,-0.1200000000000001,-0.0099999999999997,0.1099999999999994,1.5700000000000012
compapffx,600.0,0.04351666666666666,0.4270590499088746,-2.78,-0.07,0.06,0.21,2.22
tb3smffm,600.0,-0.5459333333333334,0.7344597884547416,-5.37,-0.8025,-0.32,-0.07,0.68
tb6smffm,600.0,-0.41248333333333337,0.7931688730387021,-5.01,-0.6225,-0.195,0.01,1.19
t1yffm,600.0,-0.007049999999999995,0.8121585230797116,-5.0,-0.2,0.12,0.41,1.69
t5yffm,600.0,0.7364333333333334,1.455542264711962,-6.31,0.0525,1.005,1.72,3.16
t10yffm,600.0,1.1021,1.754130995464349,-6.51,0.13,1.4049999999999998,2.3525,3.85
aaaffm,600.0,2.1881000000000004,2.064384135708826,-6.27,1.1075000000000002,2.475,3.695,5.73
baaffm,600.0,3.2668999999999997,2.1371906864035517,-4.05,1.9449999999999998,3.66,4.8325,8.82
exszusx,600.0,-0.0024454385747402427,0.027155352739688162,-0.0874575753504878,-0.01783949899879265,-0.0008428413591578499,0.0136830245030628,0.1168709389109025
exjpusx,600.0,-0.002011828993100992,0.025506267423903415,-0.1052270892700608,-0.014439716466400925,-0.0001081499899995,0.0131376087589127,0.0806573963587133
exusukx,600.0,-0.0013479118045548173,0.02328029647913538,-0.1107606343693102,-0.0135549142878249,7.180587224718296e-05,0.012619818845918326,0.0952051517900253
excausx,600.0,0.0003601921792194407,0.01387928935238502,-0.060093803731657,-0.007043283181129425,0.0,0.008444398453836524,0.1129202264906821
wpsfd49207,600.0,-4.307747724223572e-06,0.006888753611408647,-0.0367654229205807,-0.0032630191726838497,-6.870916099410707e-06,0.003107755257800475,0.0368357175723583
wpsfd49502,600.0,-1.05933545779617e-06,0.008754020111680938,-0.0470347868478366,-0.004134449807936501,-3.5862417879783948e-06,0.0045879260939174,0.0471999191604766
wpsid61,600.0,-1.5687069447467706e-06,0.007874001705855822,-0.0443270094304768,-0.002955401883181025,-9.519480341779741e-07,0.0031104224143923,0.0443868816837365
wpsid62,600.0,3.7355748233756045e-05,0.043031335042273536,-0.3159694783469149,-0.015406866843368425,-3.9810898112335735e-05,0.0158601356145722,0.2461512099639389
oilpricex,600.0,-0.00014398442639632265,0.09943590730914115,-0.8525871289167235,-0.04652450529768645,0.0,0.03499974669068815,0.8525871289167235
ppicmm,600.0,3.932163687616571e-05,0.0340969999087181,-0.2057193448725156,-0.0169477885602491,-5.4839521579364003e-05,0.018156581108294125,0.1417508552367694
cpiaucsl,600.0,1.3313502400435385e-06,0.0028001359773534885,-0.0135031036188011,-0.0014720850125215252,-8.937429059274749e-06,0.00157735754994135,0.0179377006866672
cpiappsl,600.0,-3.898852758166554e-06,0.0054744757568883536,-0.0268282866909359,-0.0030558978989001,-1.4673097030293292e-05,0.0029687363860534752,0.0277511638817351
cpitrnsl,600.0,3.6473877097051215e-07,0.011661860903612497,-0.074197210624181,-0.004697133267431425,-3.083272031467743e-06,0.004551167661097475,0.0619712264625649
cpimedsl,600.0,-1.1377589562893132e-05,0.00255055343870277,-0.01544649589241,-0.00107883993410195,-3.0711497887470074e-05,0.001099923253776,0.0126802170473698
cusr0000sac,600.0,-7.13190798678789e-07,0.005565349507610442,-0.0347378165750047,-0.002391314721024525,-6.659784889118114e-06,0.0026170140512091,0.0254183400639078
cusr0000sad,600.0,-3.379616445166993e-06,0.002722560312243113,-0.0145868153830286,-0.001569063319198425,-4.74679412798551e-06,0.001565517008061925,0.0120920457650286
cusr0000sas,600.0,-7.197006747063558e-06,0.0024364502052422877,-0.0242296529565066,-0.000995730236341675,-1.1500767497008011e-05,0.00099962361012305,0.0143948992590976
cpiulfsl,600.0,-1.679139592373816e-06,0.002989142606278766,-0.0136147616863118,-0.001601381146869975,-8.991107794287245e-06,0.0017993061547882249,0.012510172541126
cusr0000sa0l2,600.0,1.747651198653152e-06,0.0037227220540859466,-0.0211538920815135,-0.0017960758994176999,-9.562352781600223e-06,0.001977770103922,0.0193762789631386
cusr0000sa0l5,600.0,3.023998670215798e-06,0.0029756163367618276,-0.0133826345482459,-0.00158589103919055,-9.508849684980447e-06,0.00167466027161485,0.0155335761674604
pcepi,600.0,-1.364309663860278e-06,0.0019558235752573133,-0.0080439245736094,-0.001133055323580425,7.042030119142062e-05,0.001172769253796025,0.0078301094089607
ddurrg3m086sbea,600.0,-1.1404059151356467e-05,0.002863542312023942,-0.0099617605321977,-0.0017523726866039248,-3.837346347523862e-05,0.001717778432093775,0.0134178420907398
dndgrg3m086sbea,600.0,-1.7133767345707916e-06,0.006352907603604302,-0.0373652263925334,-0.0027216396955164,7.040695429472166e-05,0.002941655117353625,0.0276712665470189
dserrg3m086sbea,600.0,-8.555855259709606e-07,0.0016814974963554347,-0.0093881562888471,-0.00087964991343745,-6.796327301872296e-05,0.000831443978565625,0.0160165406495673
ces0600000008,600.0,-3.0566171168255847e-06,0.00378299204121781,-0.0295092033723887,-0.00196073663739555,-1.2120789674274768e-05,0.001929427240393975,0.0193025268769964
ces2000000008,600.0,-8.3353649606937e-06,0.007732356640793586,-0.0543054094417954,-0.002994693012794725,-2.3774877424553864e-05,0.0030503151743952,0.0322746594629905
ces3000000008,600.0,-3.872251182060282e-06,0.004358611154805559,-0.0268675205310362,-0.002226463418238425,-1.017490664545484e-05,0.0021046082174583252,0.0199070995540207
mzmsl,600.0,6.485844476949076e-06,0.005889589737412465,-0.0344909069992906,-0.00218751068013765,2.8833568419539546e-05,0.0023358010816262502,0.0595940956630798
dtcolnvhfnm,600.0,-1.3040077905453751e-05,0.026547118798984012,-0.1759036522885395,-0.0080137758202978,0.00060049635618225,0.0074052082642541255,0.1873078682562816
dtcthfnm,600.0,-8.632649064673707e-06,0.021984361764717655,-0.2595622935583002,-0.00490776080510795,0.0005940166468807,0.00509108343166435,0.2580501524321068
invest,600.0,-1.4670936348037651e-05,0.010829886223961763,-0.0808000069332903,-0.005715678950443475,0.0004314328332237,0.00586348758570885,0.0493884213991391
vxoclsx,600.0,19.768416666666667,7.209760225118103,10.1531,14.78865,17.82045,22.78435,67.15100000000001
a2me,600.0,0.00035506803534934145,0.07285900777712315,-0.4861910234501443,0.0,0.0,0.0,0.7144593076768636
ac,600.0,-5.360196666666649e-05,0.00313863586368334,-0.029425311,0.0,0.0,0.0,0.028933865
at,600.0,0.0,0.04286518825519619,-0.2700571216246548,0.0,0.0,0.0,0.2700571216246548
ato,600.0,-0.0011622730152945134,0.020116237878085398,-0.1450444019848592,0.0,0.0,0.0,0.1363334141999458
beme,600.0,-5.1446365870208657e-05,0.06331845215497994,-0.3675596769122025,0.0,0.0,0.0,0.5743979374194058
beta,600.0,0.8981078805799999,0.2345632275034277,0.422497423,0.758041508,0.9230482755,1.049502141,1.639837051
c,600.0,0.0002747534831842017,0.030577323056590062,-0.1829103000952927,0.0,0.0,0.0,0.2996736290868766
cf,600.0,-6.64037316666653e-05,0.003370076416697618,-0.034007397,0.0,0.0,0.0,0.031960083
cf2p,600.0,-0.0008613742601964578,0.05781300860711544,-0.3891023278959724,0.0,0.0,0.0,0.6516164355664442
cto,600.0,-0.0016541483961738936,0.01855421167062412,-0.213674102190818,0.0,0.0,0.0,0.0950509957351115
d2a,600.0,-0.0002813663200985762,0.014215364953040155,-0.1449980283978393,0.0,0.0,0.0,0.1238296322396408
d2p,600.0,-1.1419481666665666e-05,0.00020119345671279785,-0.002159583,0.0,0.0,0.0,0.00277262
dpi2a,600.0,-0.0032634979792643655,0.11076071288522532,-1.2186570114641722,0.0,0.0,0.0,1.051142614055152
e2p,600.0,-0.001300876492817185,0.07190643748798646,-0.5646653931167975,0.0,0.0,0.0,0.664163682772887
fc2y,600.0,0.0011206829844195255,0.0091501431741822,-0.0616238125854768,0.0,0.0,0.0,0.0747545914499805
idiovol,600.0,-0.0018830830451174623,0.19740553997153806,-0.7495473766125409,-0.12017360398638605,-0.01484024486707895,0.0939355390530738,1.1890546324330238
investment,600.0,-0.0025501730303422784,0.20135643247312315,-2.669194628504255,0.0,0.0,0.0,1.449124816297024
lev,600.0,-0.0006605909712325929,0.022638571161741426,-0.3657356278249544,0.0,0.0,0.0,0.1405329301791673
lme,600.0,8.416657775076838e-05,0.09140763874820429,-0.8116721687097823,-0.0459203549407207,-0.00610900857363455,0.04322710777065782,0.7548240242711644
lt_rev,600.0,0.00011051488166666373,0.09318078059549123,-0.60691293,-0.04969752075,0.00031690500000000003,0.04887019399999992,0.3974808769999999
lturnover,600.0,0.003936219693063804,0.1770085768067927,-0.5892565174907096,-0.11143657628814435,0.0018158910064206,0.11755659057434714,0.5936414375244317
mktbeta,600.0,0.9980346629583334,0.1717225298943736,0.6927203890000001,0.845672238,1.0085003215000001,1.102618007,1.344120324
ni,600.0,0.006147357089999984,0.004142592296331694,0.0,0.003288395,0.005388049,0.008827917,0.018032044
noa,600.0,-0.0005048550275797031,0.01656549798943421,-0.1829403842595945,0.0,0.0,0.0,0.2435652428929288
oa,600.0,-3.476033000000001e-05,0.002013538262057345,-0.018167808,0.0,0.0,0.0,0.018031178
ol,600.0,-0.0013605629771870095,0.013099639352490814,-0.1439801268543423,0.0,0.0,0.0,0.1004511496720368
op,600.0,-0.0009380041382371957,0.019752037241778538,-0.1668897628872363,0.0,0.0,0.0,0.1767758705094599
pcm,600.0,0.00047075526774554676,0.007020704420806724,-0.0707402623691239,0.0,0.0,0.0,0.0711834551360538
pm,600.0,-0.00035483883758214986,0.031587463584730975,-0.2553094656804147,0.0,0.0,0.0,0.3514071468443367
prof,600.0,-0.0006135828806897532,0.01193794475251718,-0.1181526104397109,0.0,0.0,0.0,0.0883041280219601
q,600.0,-0.0002976374727233876,0.030802496224177724,-0.290347719838043,0.0,0.0,0.0,0.2077957849599884
r2_1,600.0,-2.905666666666635e-05,0.057194322694354004,-0.258481,-0.031489,-0.00498025,0.029760249999999898,0.322084
r12_2,600.0,0.00023324230333333343,0.07150381445506343,-0.3258520669999999,-0.039188380749999974,-0.0019448945000000001,0.03734121624999993,0.302440823
r12_7,600.0,8.505436666667773e-06,0.06844848992264803,-0.339926825,-0.03539469825,-0.0030338509999999,0.031482778499999975,0.290212232
r36_13,600.0,-0.000545980091666668,0.0779706796763666,-0.3868334859999999,-0.03971973625,0.0010692439999999,0.03957886274999992,0.313777979
rel2high,600.0,0.00043242665470553823,0.05390266093827265,-0.3470756942953008,-0.02581349393221635,0.00136534125453815,0.029195623454496725,0.2590167826946592
resid_var,600.0,-0.001122236641244277,0.12766891534835192,-0.3639262836573316,-0.07387654009219057,-0.0099310029405472,0.06123677107960085,0.8612876379629801
rna,600.0,-0.0008125393907429075,0.04440327317693281,-0.4128036316476859,0.0,0.0,0.0,0.4144270858331165
roa,600.0,-0.0028190561834823937,0.08629331881913925,-1.1486005714117071,0.0,0.0,0.0,1.0268188129190312
roe,600.0,-0.0012072088151098132,0.05974155384263688,-0.7188042141334043,0.0,0.0,0.0,0.6709231054068145
s2p,600.0,-0.0012372439232840322,0.07535267634761358,-0.4738955068478332,0.0,0.0,0.0,0.738768953436177
sga2s,600.0,0.0009689405909079542,0.008201119247840024,-0.0640950189145148,0.0,0.0,0.0,0.0713496112248612
spread,600.0,0.00039260502612689457,0.11330429337002357,-0.3974763457271657,-0.0557797015387948,-0.006022058288472,0.0385918142480836,0.7385184416846511
st_rev,600.0,2.9810000000000184e-05,0.05723745524051171,-0.258481,-0.031489,-0.00498025,0.029931374999999927,0.322084
suv,600.0,-0.02099821711,0.1537513964636029,-0.4389018429999999,-0.11586578675,-0.032517155500000006,0.0453529045,0.819347149
variance,600.0,-0.0008544544382317628,0.17423521181722212,-0.6563884152220449,-0.08701471988156648,-0.0108251593453596,0.06700851694784671,1.391634129504661
dp,600.0,-0.0009124874116666592,0.04432074010735907,-0.1501160529999996,-0.03064980474999995,-0.0028372195000003,0.02511284625000025,0.2511851169999999
ep,600.0,-0.0008162281716666635,0.06611394791387028,-0.5360710700000002,-0.030886611499999973,-0.00211088850000025,0.027618546250000025,0.7238150599999997
b/m,600.0,-0.0010593171785388152,0.06087134193411199,-0.3971359227761666,-0.0320365836466616,-0.0034922380188954,0.021130530178895525,0.5989068715104626
ntis,600.0,-7.485246333333316e-05,0.004008511966190011,-0.025728294,-0.0019009259999999998,-1.8899500000001644e-05,0.00188215725,0.029782628
tbl,600.0,-8.11666666666672e-05,0.00458132180577128,-0.0462,-0.001124999999999975,0.0,0.001299999999999925,0.0261
tms,600.0,0.019555633166666666,0.014960363778602784,-0.0365,0.008875000000000001,0.021,0.0313,0.0455
dfy,600.0,1.1666666666696668e-06,0.0012073434069861018,-0.0063,-0.0005,-9.99999999999994e-05,0.0004,0.0094
svar,600.0,0.00033423396857893637,0.6900493233608765,-2.9751318143984857,-0.4456163131101402,-0.0151644099105454,0.4141519755035552,3.3317810047440677
