date,stock_observations
1967-01-01,430
1967-02-01,430
1967-03-01,431
1967-04-01,436
1967-05-01,435
1967-06-01,437
1967-07-01,553
1967-08-01,762
1967-09-01,767
1967-10-01,774
1967-11-01,776
1967-12-01,778
1968-01-01,780
1968-02-01,783
1968-03-01,778
1968-04-01,782
1968-05-01,791
1968-06-01,799
1968-07-01,902
1968-08-01,903
1968-09-01,907
1968-10-01,917
1968-11-01,922
1968-12-01,928
1969-01-01,934
1969-02-01,940
1969-03-01,946
1969-04-01,949
1969-05-01,960
1969-06-01,967
1969-07-01,997
1969-08-01,1004
1969-09-01,1010
1969-10-01,1016
1969-11-01,1019
1969-12-01,1025
1970-01-01,1030
1970-02-01,1032
1970-03-01,1039
1970-04-01,1044
1970-05-01,1047
1970-06-01,1051
1970-07-01,1062
1970-08-01,1060
1970-09-01,1045
1970-10-01,1052
1970-11-01,1083
1970-12-01,1089
1971-01-01,1100
1971-02-01,1101
1971-03-01,1103
1971-04-01,1106
1971-05-01,1097
1971-06-01,1107
1971-07-01,1144
1971-08-01,1146
1971-09-01,1146
1971-10-01,1168
1971-11-01,1174
1971-12-01,1178
1972-01-01,1182
1972-02-01,1187
1972-03-01,1187
1972-04-01,1190
1972-05-01,1197
1972-06-01,1204
1972-07-01,1242
1972-08-01,1237
1972-09-01,1246
1972-10-01,1261
1972-11-01,1268
1972-12-01,1232
1973-01-01,1237
1973-02-01,1289
1973-03-01,1293
1973-04-01,1301
1973-05-01,1304
1973-06-01,1306
1973-07-01,1326
1973-08-01,1336
1973-09-01,1339
1973-10-01,1347
1973-11-01,1351
1973-12-01,1359
1974-01-01,1367
1974-02-01,1370
1974-03-01,1381
1974-04-01,1394
1974-05-01,1402
1974-06-01,1404
1974-07-01,1407
1974-08-01,1414
1974-09-01,1413
1974-10-01,1427
1974-11-01,1424
1974-12-01,1410
1975-01-01,1421
1975-02-01,1426
1975-03-01,1431
1975-04-01,1448
1975-05-01,1461
1975-06-01,1468
1975-07-01,1474
1975-08-01,1426
1975-09-01,1428
1975-10-01,1478
1975-11-01,1482
1975-12-01,1482
1976-01-01,1446
1976-02-01,1461
1976-03-01,1446
1976-04-01,1373
1976-05-01,1347
1976-06-01,1393
1976-07-01,1429
1976-08-01,1335
1976-09-01,1263
1976-10-01,1230
1976-11-01,1290
1976-12-01,1312
1977-01-01,1304
1977-02-01,1301
1977-03-01,1308
1977-04-01,1323
1977-05-01,1309
1977-06-01,1308
1977-07-01,1325
1977-08-01,1334
1977-09-01,1321
1977-10-01,1308
1977-11-01,1319
1977-12-01,1316
1978-01-01,1415
1978-02-01,1407
1978-03-01,1359
1978-04-01,1364
1978-05-01,1411
1978-06-01,1404
1978-07-01,1392
1978-08-01,1369
1978-09-01,1377
1978-10-01,1386
1978-11-01,1375
1978-12-01,1375
1979-01-01,1373
1979-02-01,1365
1979-03-01,1363
1979-04-01,1312
1979-05-01,1320
1979-06-01,1372
1979-07-01,1343
1979-08-01,1329
1979-09-01,1352
1979-10-01,1379
1979-11-01,1376
1979-12-01,1334
1980-01-01,1334
1980-02-01,1368
1980-03-01,1366
1980-04-01,1364
1980-05-01,1361
1980-06-01,1362
1980-07-01,1359
1980-08-01,1351
1980-09-01,1347
1980-10-01,1349
1980-11-01,1347
1980-12-01,1344
1981-01-01,1344
1981-02-01,1352
1981-03-01,1353
1981-04-01,1361
1981-05-01,1357
1981-06-01,1355
1981-07-01,1342
1981-08-01,1336
1981-09-01,1454
1981-10-01,1425
1981-11-01,1433
1981-12-01,1462
1982-01-01,1451
1982-02-01,1368
1982-03-01,1373
1982-04-01,1423
1982-05-01,1414
1982-06-01,1435
1982-07-01,1423
1982-08-01,1422
1982-09-01,1417
1982-10-01,1417
1982-11-01,1423
1982-12-01,1419
1983-01-01,1980
1983-02-01,2120
1983-03-01,2145
1983-04-01,2145
1983-05-01,2138
1983-06-01,2138
1983-07-01,2155
1983-08-01,2159
1983-09-01,2154
1983-10-01,2156
1983-11-01,2167
1983-12-01,2177
1984-01-01,2164
1984-02-01,2158
1984-03-01,2161
1984-04-01,2155
1984-05-01,2154
1984-06-01,2149
1984-07-01,2132
1984-08-01,2118
1984-09-01,2067
1984-10-01,2061
1984-11-01,2079
1984-12-01,2075
1985-01-01,2076
1985-02-01,2075
1985-03-01,2088
1985-04-01,2091
1985-05-01,2079
1985-06-01,2072
1985-07-01,2079
1985-08-01,2019
1985-09-01,2018
1985-10-01,2064
1985-11-01,2067
1985-12-01,2085
1986-01-01,2102
1986-02-01,2113
1986-03-01,2107
1986-04-01,2119
1986-05-01,2134
1986-06-01,2136
1986-07-01,2141
1986-08-01,2161
1986-09-01,2159
1986-10-01,2153
1986-11-01,2148
1986-12-01,2125
1987-01-01,2131
1987-02-01,2130
1987-03-01,2125
1987-04-01,2118
1987-05-01,2112
1987-06-01,2107
1987-07-01,2106
1987-08-01,2108
1987-09-01,2105
1987-10-01,2098
1987-11-01,2086
1987-12-01,2115
1988-01-01,2135
1988-02-01,2133
1988-03-01,2126
1988-04-01,2125
1988-05-01,2124
1988-06-01,2121
1988-07-01,2138
1988-08-01,2149
1988-09-01,2174
1988-10-01,2184
1988-11-01,2196
1988-12-01,2208
1989-01-01,2236
1989-02-01,2239
1989-03-01,2241
1989-04-01,2245
1989-05-01,2240
1989-06-01,2241
1989-07-01,2225
1989-08-01,2225
1989-09-01,2225
1989-10-01,2220
1989-11-01,2212
1989-12-01,2209
1990-01-01,2206
1990-02-01,2204
1990-03-01,2198
1990-04-01,2203
1990-05-01,2197
1990-06-01,2207
1990-07-01,2205
1990-08-01,2204
1990-09-01,2209
1990-10-01,2209
1990-11-01,2224
1990-12-01,2232
1991-01-01,2245
1991-02-01,2244
1991-03-01,2257
1991-04-01,2263
1991-05-01,2284
1991-06-01,2299
1991-07-01,2327
1991-08-01,2339
1991-09-01,2353
1991-10-01,2367
1991-11-01,2382
1991-12-01,2397
1992-01-01,2421
1992-02-01,2430
1992-03-01,2441
1992-04-01,2451
1992-05-01,2454
1992-06-01,2474
1992-07-01,2486
1992-08-01,2507
1992-09-01,2526
1992-10-01,2548
1992-11-01,2561
1992-12-01,2555
1993-01-01,2555
1993-02-01,2543
1993-03-01,2541
1993-04-01,2545
1993-05-01,2549
1993-06-01,2558
1993-07-01,2566
1993-08-01,2558
1993-09-01,2552
1993-10-01,2554
1993-11-01,2574
1993-12-01,2576
1994-01-01,2581
1994-02-01,2578
1994-03-01,2580
1994-04-01,2578
1994-05-01,2587
1994-06-01,2596
1994-07-01,2615
1994-08-01,2627
1994-09-01,2619
1994-10-01,2617
1994-11-01,2619
1994-12-01,2609
1995-01-01,2610
1995-02-01,2604
1995-03-01,2599
1995-04-01,2602
1995-05-01,2617
1995-06-01,2622
1995-07-01,2623
1995-08-01,2627
1995-09-01,2629
1995-10-01,2625
1995-11-01,2610
1995-12-01,2604
1996-01-01,2596
1996-02-01,2589
1996-03-01,2582
1996-04-01,2588
1996-05-01,2592
1996-06-01,2607
1996-07-01,2634
1996-08-01,2641
1996-09-01,2647
1996-10-01,2645
1996-11-01,2661
1996-12-01,2658
1997-01-01,2660
1997-02-01,2668
1997-03-01,2674
1997-04-01,2701
1997-05-01,2716
1997-06-01,2718
1997-07-01,2731
1997-08-01,2720
1997-09-01,2713
1997-10-01,2700
1997-11-01,2714
1997-12-01,2703
1998-01-01,2702
1998-02-01,2699
1998-03-01,2697
1998-04-01,2715
1998-05-01,2719
1998-06-01,2720
1998-07-01,2743
1998-08-01,2751
1998-09-01,2754
1998-10-01,2755
1998-11-01,2764
1998-12-01,2781
1999-01-01,2793
1999-02-01,2791
1999-03-01,2780
1999-04-01,2794
1999-05-01,2796
1999-06-01,2789
1999-07-01,2762
1999-08-01,2739
1999-09-01,2721
1999-10-01,2714
1999-11-01,2703
1999-12-01,2696
2000-01-01,2698
2000-02-01,2683
2000-03-01,2680
2000-04-01,2678
2000-05-01,2670
2000-06-01,2661
2000-07-01,2675
2000-08-01,2665
2000-09-01,2646
2000-10-01,2632
2000-11-01,2618
2000-12-01,2615
2001-01-01,2622
2001-02-01,2613
2001-03-01,2614
2001-04-01,2611
2001-05-01,2601
2001-06-01,2614
2001-07-01,2636
2001-08-01,2614
2001-09-01,2623
2001-10-01,2623
2001-11-01,2630
2001-12-01,2649
2002-01-01,2662
2002-02-01,2658
2002-03-01,2664
2002-04-01,2663
2002-05-01,2655
2002-06-01,2651
2002-07-01,2684
2002-08-01,2695
2002-09-01,2699
2002-10-01,2688
2002-11-01,2705
2002-12-01,2707
2003-01-01,2693
2003-02-01,2684
2003-03-01,2684
2003-04-01,2681
2003-05-01,2690
2003-06-01,2692
2003-07-01,2748
2003-08-01,2752
2003-09-01,2666
2003-10-01,2654
2003-11-01,2722
2003-12-01,2707
2004-01-01,2694
2004-02-01,2688
2004-03-01,2693
2004-04-01,2688
2004-05-01,2692
2004-06-01,2689
2004-07-01,2726
2004-08-01,2740
2004-09-01,2753
2004-10-01,2759
2004-11-01,2770
2004-12-01,2779
2005-01-01,2776
2005-02-01,2769
2005-03-01,2786
2005-04-01,2793
2005-05-01,2797
2005-06-01,2793
2005-07-01,2815
2005-08-01,2818
2005-09-01,2826
2005-10-01,2822
2005-11-01,2815
2005-12-01,2809
2006-01-01,2801
2006-02-01,2789
2006-03-01,2783
2006-04-01,2773
2006-05-01,2762
2006-06-01,2753
2006-07-01,2749
2006-08-01,2744
2006-09-01,2737
2006-10-01,2724
2006-11-01,2712
2006-12-01,2697
2007-01-01,2675
2007-02-01,2666
2007-03-01,2646
2007-04-01,2627
2007-05-01,2614
2007-06-01,2588
2007-07-01,2569
2007-08-01,2552
2007-09-01,2532
2007-10-01,2507
2007-11-01,2489
2007-12-01,2469
2008-01-01,2470
2008-02-01,2460
2008-03-01,2446
2008-04-01,2437
2008-05-01,2417
2008-06-01,2401
2008-07-01,2398
2008-08-01,2391
2008-09-01,2384
2008-10-01,2371
2008-11-01,2363
2008-12-01,2363
2009-01-01,2362
2009-02-01,2353
2009-03-01,2337
2009-04-01,2328
2009-05-01,2326
2009-06-01,2319
2009-07-01,2328
2009-08-01,2332
2009-09-01,2334
2009-10-01,2337
2009-11-01,2328
2009-12-01,2328
2010-01-01,2330
2010-02-01,2317
2010-03-01,2312
2010-04-01,2306
2010-05-01,2298
2010-06-01,2301
2010-07-01,2291
2010-08-01,2295
2010-09-01,2307
2010-10-01,2308
2010-11-01,2304
2010-12-01,2298
2011-01-01,2301
2011-02-01,2302
2011-03-01,2303
2011-04-01,2292
2011-05-01,2284
2011-06-01,2270
2011-07-01,2273
2011-08-01,2267
2011-09-01,2264
2011-10-01,2258
2011-11-01,2260
2011-12-01,2261
2012-01-01,2258
2012-02-01,2252
2012-03-01,2254
2012-04-01,2253
2012-05-01,2256
2012-06-01,2259
2012-07-01,2254
2012-08-01,2250
2012-09-01,2261
2012-10-01,2245
2012-11-01,2251
2012-12-01,2246
2013-01-01,2250
2013-02-01,2244
2013-03-01,2243
2013-04-01,2230
2013-05-01,2220
2013-06-01,2215
2013-07-01,2207
2013-08-01,2200
2013-09-01,2196
2013-10-01,2186
2013-11-01,2178
2013-12-01,2164
2014-01-01,2157
2014-02-01,2139
2014-03-01,2135
2014-04-01,2127
2014-05-01,2121
2014-06-01,2117
2014-07-01,2116
2014-08-01,2111
2014-09-01,2110
2014-10-01,2104
2014-11-01,2103
2014-12-01,2098
2015-01-01,2094
2015-02-01,2078
2015-03-01,2077
2015-04-01,2076
2015-05-01,2073
2015-06-01,2073
2015-07-01,2057
2015-08-01,2057
2015-09-01,2049
2015-10-01,2036
2015-11-01,2038
2015-12-01,2032
2016-01-01,2023
2016-02-01,2013
2016-03-01,2004
2016-04-01,1988
2016-05-01,1976
2016-06-01,1971
2016-07-01,1966
2016-08-01,1955
2016-09-01,1942
2016-10-01,1942
2016-11-01,1935
2016-12-01,1933
