seed,epoch,train_weighted_mse,validation_weighted_mse,validation_mse
42,1,0.12008202069285145,0.04293167493725594,0.04301841056584921
42,2,0.028284294130762406,0.03207096807849326,0.03215328092645137
42,3,0.020871814621521576,0.02950846649393068,0.0295916433801277
42,4,0.018623214577214744,0.02856092771272842,0.02864574288723359
42,5,0.01761199786043988,0.02809933432901204,0.028184977176443467
42,6,0.017037691992944005,0.027838755206197253,0.027924429863700122
42,7,0.016673808272500586,0.027689567571313165,0.027774787845164343
42,8,0.01649753025086877,0.027604049421542876,0.027688521344258338
42,9,0.016380523265861223,0.027561767952291656,0.02764552122303682
42,10,0.016311478677344705,0.02753948195990799,0.0276227690116511
42,11,0.016276132909436296,0.027527629114315298,0.02761057777984637
42,12,0.016252960498384587,0.027521914673666003,0.027604673682429755
42,13,0.01622775497700241,0.02751840727758595,0.02760099963313053
42,14,0.01622099757181648,0.02751682283045617,0.027599393712167967
42,15,0.016212323795657808,0.027515673632938692,0.027598224772574436
42,16,0.016201424712425836,0.027514822558315482,0.027597287369608547
42,17,0.016193063543125483,0.027514185327483887,0.02759662531685802
42,18,0.01619350977926629,0.02751377285054692,0.02759621621686299
42,19,0.016181384579071846,0.027513400723673483,0.027595777041928296
42,20,0.016188324534549194,0.02751322792265035,0.027595584758580836
42,21,0.01617564804394892,0.02751294527016671,0.027595319163960106
42,22,0.016181055853165153,0.027512770708518482,0.027595093832814263
42,23,0.01617859433097581,0.02751256820777048,0.02759492198426266
42,24,0.01617374774748337,0.027512466957396474,0.02759480803429932
42,25,0.016170496456414975,0.027512387238601436,0.02759473483847687
42,26,0.016171826547181564,0.02751222985026351,0.027594592054670224
42,27,0.016167896498291336,0.0275121927328231,0.02759450356161359
42,28,0.01616446643484295,0.027512063687662847,0.02759439402764427
42,29,0.016165470230560197,0.027511938943045846,0.027594231963550007
42,30,0.01615989517445792,0.02751185359602306,0.02759411789813584
42,31,0.01616163871339073,0.027511663246474444,0.0275939909599548
42,32,0.016156360908116767,0.027511635422825486,0.02759390907645784
42,33,0.016160625786624756,0.02751152932351681,0.02759382814543018
42,34,0.016158314373057956,0.027511379526070665,0.027593718409421916
42,35,0.016157020247398617,0.027511410928695215,0.027593686718170713
42,36,0.016152076888089464,0.027511342783845438,0.027593640970781683
42,37,0.016153686772252308,0.0275113923411123,0.027593664176397317
42,38,0.01615469510209699,0.027511335048640125,0.027593639441058266
42,39,0.016150835435198643,0.027511298825943612,0.02759359617586195
42,40,0.016150418402187557,0.02751123708861465,0.027593538392724513
42,41,0.016151686094150648,0.027511225716708335,0.0275934941750589
42,42,0.016154603583376465,0.027511256513216047,0.027593486959382397
42,43,0.016151552094645746,0.02751111064109797,0.027593385333794525
42,44,0.016145607218930772,0.02751101738569364,0.027593350381057546
42,45,0.016147766724215758,0.02751105026031621,0.027593347032983648
42,46,0.016152038364865978,0.027510999894893567,0.02759335315187732
42,47,0.016143915777592943,0.02751112016579108,0.027593356875166397
42,48,0.01614526324364577,0.027511136155730417,0.02759335860692876
42,49,0.016144284572011506,0.027511027025837572,0.027593289913688448
42,50,0.016144053101415146,0.027511181527904858,0.02759339188562879
42,51,0.016151244465657605,0.0275109598045944,0.027593269536618
42,52,0.016141818281561925,0.02751090251212222,0.027593259319220072
42,53,0.016143400344720248,0.02751095668742211,0.02759324384880965
42,54,0.016143645751275675,0.027511121349162043,0.027593330841005573
42,55,0.016142549995749333,0.027511018771103544,0.027593258511064304
42,56,0.01614203282509881,0.02751087968172147,0.027593191030057647
42,57,0.01614437802471374,0.0275108567647326,0.027593267314189637
42,58,0.01614568873156636,0.02751091682802459,0.027593181043561364
42,59,0.01614463986709958,0.027510856302929296,0.027593171403417556
42,60,0.01614571912137114,0.027511406570426552,0.027593525866310104
42,61,0.016141935746645266,0.027510809458756832,0.027593189125119048
42,62,0.016142606670209537,0.027510945921632626,0.027593190452803527
42,63,0.016141087348836156,0.027510899510400758,0.027593175761686167
42,64,0.016142260260418616,0.027510876622274593,0.027593167853304717
42,65,0.016143565112745038,0.027511725474469412,0.027593788661248352
42,66,0.01613983530217124,0.02751086092096232,0.027593176569841935
42,67,0.016140016478659515,0.02751105499380006,0.027593270719988947
42,68,0.016141561963442925,0.027511120569868968,0.02759330610566652
42,69,0.016139827858462574,0.02751096641415416,0.02759320967536573
42,70,0.016139649378923013,0.027510892785390168,0.02759319134754741
42,71,0.016140715561333507,0.02751086372064484,0.02759326861301141
42,72,0.016140664542009873,0.027511173388621656,0.027593354075483915
42,73,0.016141243373113692,0.02751106122814464,0.027593280100368402
42,74,0.016139881022292475,0.027510870041577536,0.027593263850664917
42,75,0.016140962471609822,0.027511233451913645,0.027593405884041206
42,76,0.016141225455335476,0.027511202135877218,0.027593384439050638
43,1,0.03192754697219261,0.028746718368009298,0.028821930917821564
43,2,0.017625261208324344,0.027915473463142854,0.02799439563185656
43,3,0.01682381068387127,0.027720702292220723,0.027801170147948032
43,4,0.016536310668647275,0.027635415592492944,0.027716615320959422
43,5,0.016393045884366884,0.027586485800864598,0.027668092147766075
43,6,0.016313544566336585,0.027560722227576575,0.02764254530487064
43,7,0.016261785972095835,0.02754484136040603,0.02762676883431309
43,8,0.01623315262455218,0.027534588374628324,0.027616627691653763
43,9,0.016205687482619035,0.027528609407275,0.0276106196884955
43,10,0.016195546429759358,0.027523435074450313,0.02760565435059196
43,11,0.016177573809950878,0.0275195251879297,0.02760171987309638
43,12,0.016166977801192525,0.02751596540603755,0.02759831349653272
43,13,0.016157922798817673,0.027513895747950712,0.027596150092403515
43,14,0.016153242893500595,0.02751166414121834,0.02759391600350728
43,15,0.016145294196976606,0.02750969786934578,0.027592047980311413
43,16,0.01614279428061808,0.02750768691800373,0.027590081968228628
43,17,0.016137924124750066,0.027506214948840736,0.027588608815713723
43,18,0.016135087409737573,0.027504249860339135,0.027586562045779514
43,19,0.016130260864940182,0.027501796241669242,0.027584087819169253
43,20,0.016122147108438352,0.027500378996197557,0.02758296301065322
43,21,0.01611036681741791,0.027498101151409556,0.027580477787351967
43,22,0.01611544319253989,0.027496397039499097,0.027578760427481485
43,23,0.016107999845164103,0.027493133360111766,0.02757571974140301
43,24,0.01610087878341815,0.02749096946528858,0.02757323922272284
43,25,0.01609936091226703,0.02748764401970958,0.027570163872534442
43,26,0.016095266675267617,0.027484537353444992,0.027567174215720202
43,27,0.01608738804812461,0.027482593854247766,0.027564973809601885
43,28,0.01608850960719352,0.02748022835342047,0.02756274024023436
43,29,0.016083938576102463,0.027479006335294782,0.027561957541372698
43,30,0.0160751011949588,0.02747436466371645,0.02755682531930299
43,31,0.016072215099661745,0.027470793913995876,0.027553420241561103
43,32,0.0160674528523494,0.027470115929022865,0.027553083904447932
43,33,0.016062673570704646,0.02746886761697166,0.027551874787967636
43,34,0.016063564965028167,0.027464980099048495,0.027547408515113767
43,35,0.016061186373747174,0.027462488497056996,0.02754529567844549
43,36,0.016056280469397135,0.027459857315017416,0.027542534556537462
43,37,0.01605591488819765,0.027458978907411256,0.027541730643586882
43,38,0.016051947696609635,0.027459213994154772,0.027542332748497017
43,39,0.016048695651968134,0.02745580320155299,0.027538591622269022
43,40,0.01604720347416472,0.027453160041490256,0.02753576752193647
43,41,0.0160427616480492,0.027452239465470065,0.02753500023575982
43,42,0.01604383331010661,0.027450482592532337,0.027533124217594383
43,43,0.016041492956769623,0.027451133186796987,0.027534011370589105
43,44,0.01603703963075681,0.027450248573708955,0.027532918253324275
43,45,0.016037628367437388,0.027449681046313283,0.027532517869866463
43,46,0.01603110817170367,0.02744823075304279,0.027531037992341054
43,47,0.016024731131545285,0.027447398410316022,0.027529793778810246
43,48,0.016027832634516976,0.02744586597378315,0.027528254270934215
43,49,0.01603107917182639,0.027444930418018345,0.027527636609025536
43,50,0.0160267613093795,0.02744539643527566,0.027528340599287902
43,51,0.016032816122661324,0.027443134667015114,0.027525743504138143
43,52,0.016021504878518212,0.027440962834947666,0.02752348834546652
43,53,0.01602222187141303,0.027440584733494006,0.027523028245069966
43,54,0.01601658950291399,0.02744247443260653,0.027524905302292818
43,55,0.0160110333114311,0.027441904105528336,0.027524513260157042
43,56,0.016017664113526738,0.02744134569874788,0.027523860241433495
43,57,0.016018879743332673,0.027439394117992868,0.02752173686987753
43,58,0.016006094759184266,0.027437815039326477,0.027520520277956373
43,59,0.016010835790363977,0.027434247753130667,0.027516621243863778
43,60,0.01600508496893731,0.02743368218839903,0.02751586091359928
43,61,0.016004815679537196,0.02743294907565682,0.02751535532557805
43,62,0.01599582145057048,0.02743176749418278,0.027513742795055807
43,63,0.015998951792680603,0.027431415398027573,0.027513491804964315
43,64,0.016002099009833442,0.02743229582602318,0.027514365363624508
43,65,0.015993550804885088,0.027430000403846987,0.027512326213444686
43,66,0.015994761523691593,0.027426140969337136,0.027508484616137058
43,67,0.015985582058593302,0.02742621156751696,0.027508383914155776
43,68,0.01598601797382103,0.027427723424940178,0.027509825750634657
43,69,0.015987364707372262,0.027426292498545665,0.027508460082836944
43,70,0.015986345119961737,0.027426062578226593,0.027508545141231567
43,71,0.01598708192635526,0.02742732829448975,0.027509943654788722
43,72,0.01598149826672517,0.027426084946824043,0.027507838351286718
43,73,0.015979872384097628,0.027421263778074696,0.02750329308120649
43,74,0.015977761883809574,0.02741970989655098,0.02750199255653625
43,75,0.015974484752061632,0.02742022720283754,0.027502578296292077
43,76,0.015971649783165173,0.027419098642155134,0.02750156963130504
43,77,0.015971511730514993,0.027418638859242398,0.027500853576431564
43,78,0.015974389539673246,0.027418531692013588,0.02750119834145489
43,79,0.01597097524413671,0.02741621300649605,0.02749833143772932
43,80,0.015962395717962385,0.027414084670527125,0.027496243798203396
43,81,0.015964835436301082,0.02741319786387341,0.02749512467564045
43,82,0.015963846344291717,0.0274123513206951,0.027494237378332197
43,83,0.015963388520901886,0.027411025685453488,0.027492836440307734
43,84,0.015959358336266733,0.027411321643644772,0.02749363605271512
43,85,0.01595966578612186,0.02741018670430425,0.02749233552804488
43,86,0.01595599141938959,0.027413166576699687,0.02749498371018428
43,87,0.015960301847932595,0.02741121231171298,0.02749331876498792
43,88,0.01595380580806194,0.02741558746506054,0.02749711219043921
43,89,0.01594828635765754,0.02741249101619401,0.027494752664222646
43,90,0.01595066735583918,0.027413019232583585,0.02749526408251049
43,91,0.015951691281721535,0.02741424884160105,0.02749675986338691
43,92,0.015949010627040853,0.027416209225481512,0.02749791685382015
43,93,0.015949640288186448,0.027413228342891352,0.02749489605414612
43,94,0.01594451582135858,0.027409683425292996,0.02749196784603298
43,95,0.01594415858777887,0.027410044382299062,0.027492299853740246
43,96,0.015938662857867263,0.02740976155663918,0.027491798133321622
43,97,0.01594008048919333,0.027409638312882914,0.027491472388821558
43,98,0.015935620450623356,0.027406290267804816,0.027488462383799577
43,99,0.01593881682797599,0.027406334341157468,0.027488279769458633
43,100,0.01593190881934269,0.027408763801742116,0.02749024892757637
44,1,0.08798778178377797,0.03661049378849159,0.03666627413117104
44,2,0.025259925750781533,0.02991081472793251,0.029987952664947862
44,3,0.019097406279936183,0.028434341193256323,0.028516971895493723
44,4,0.017588083014974738,0.02800897154511211,0.028092993377554165
44,5,0.0170151285144972,0.027834285873838755,0.027918790956826357
44,6,0.016765332313465792,0.027733684997317615,0.027818137724657327
44,7,0.016600209763962006,0.027666684409534372,0.027750761114406497
44,8,0.016485174275132325,0.027634978091589543,0.027719202140985843
44,9,0.016390695484105395,0.027602935898330492,0.027686696009004662
44,10,0.016332757311753984,0.027582413446169737,0.02766609963971917
44,11,0.01629566593294778,0.02756620576657478,0.02764972374848314
44,12,0.01627175376792054,0.027554176021454643,0.027637501951072747
44,13,0.016249362924463048,0.027546761827163556,0.02763002896354538
44,14,0.01622589788120422,0.027540226098204043,0.027623364968804853
44,15,0.01621388418646847,0.027535323796387044,0.02761834845732355
44,16,0.016201480366794564,0.027531555250539606,0.027614342804394947
44,17,0.016190353004927334,0.027529042116969143,0.027611908292868158
44,18,0.016181443830177875,0.027527409959785705,0.027610073981312912
44,19,0.016181831698036588,0.027525551374670672,0.027608257420321865
44,20,0.01617533813363932,0.027524443537411448,0.027607276723296954
44,21,0.01617187316880901,0.027523407568291126,0.02760584314155199
44,22,0.01616955824669576,0.027522671020886857,0.027605540804706504
44,23,0.01616771313327417,0.027521030897596457,0.027603552106536793
44,24,0.0161593182442776,0.02752020836818986,0.02760272781651577
44,25,0.016158341915483047,0.027519523167540253,0.027601935275471355
44,26,0.016157922922893128,0.027518881462989166,0.027601281304278514
44,27,0.016153475382809663,0.027518115158134612,0.027600668202677384
44,28,0.01615316906014169,0.027517734487900083,0.027600333366424926
44,29,0.016146998622773065,0.027517843733243754,0.027600045460932445
44,30,0.016146380879452464,0.027516822339790158,0.02759938392771063
44,31,0.01614617043335553,0.027516743631189843,0.02759937443188035
44,32,0.016146427556222344,0.027516919809149627,0.027599643028222508
44,33,0.016148271645223065,0.027515777307780032,0.027598317623899683
44,34,0.016143010903556736,0.027515467235725326,0.02759801502728984
44,35,0.01614680082565395,0.02751534350130305,0.02759791071747031
44,36,0.016142479457339685,0.02751532231607656,0.02759782262849156
44,37,0.016138465637206147,0.02751513820087252,0.02759763366435529
44,38,0.01614126882989424,0.027515642288039557,0.027598052115867067
44,39,0.01614103850087542,0.027516486031535347,0.02759924498264388
44,40,0.016138296215492356,0.027516102677069124,0.027598752815780947
44,41,0.016137971656718233,0.02751666018910568,0.027599431233685783
44,42,0.016142400335052112,0.027518259327353013,0.02760122961117204
44,43,0.016131348218275547,0.027516501126730788,0.02759902706921348
44,44,0.016135011893006687,0.02751679670970689,0.027599428116513534
44,45,0.016132413507974175,0.027516980594009276,0.02759973414778539
44,46,0.016127130129897325,0.027516637387567638,0.02759922711662886
44,47,0.01612945726620146,0.027516425708479,0.027598929455541744
44,48,0.01612580373533285,0.02751689622831851,0.02759961358826237
44,49,0.016126779513517427,0.027517136885564356,0.027599975699772013
44,50,0.01612381064195505,0.027516154110411906,0.027598884718347427
44,51,0.016123087017681434,0.027515682407201435,0.027598459022296438
44,52,0.016122852459762187,0.02751617139917303,0.027599181744455005
45,1,0.20475138694707606,0.06322516066252333,0.0633018023940666
45,2,0.04959193853733668,0.039636751352771955,0.039713653875246745
45,3,0.03138986156534695,0.03386129499990325,0.033939777166369506
45,4,0.024814152739746756,0.03125475741103094,0.03133403855976615
45,5,0.021469431229247868,0.029743135218870058,0.029824010907344985
45,6,0.019377283427486996,0.028856610265166994,0.02893870957066384
45,7,0.018244227806560816,0.0283380958434424,0.02842090549570158
45,8,0.017523373831688737,0.028042292731479252,0.028125215385057353
45,9,0.0171494474977537,0.027863100321779924,0.027945896126082143
45,10,0.0168844070721964,0.0277533845737193,0.027835882285412495
45,11,0.016734178303657754,0.027691575636384577,0.027773909350981427
45,12,0.01662954678407746,0.027650227385018943,0.02773241808544215
45,13,0.016533321256405397,0.027620867576240608,0.027703106477762494
45,14,0.016474572198558298,0.027597314453321177,0.027679574713550065
45,15,0.01643825304330738,0.027578678381061705,0.02766088388897826
45,16,0.016415432054036637,0.027566991871245915,0.02764911038711766
45,17,0.016389918703992857,0.027557115457198432,0.027639304109573493
45,18,0.01634627101127164,0.02754937742334169,0.027631589570059505
45,19,0.016316915519518884,0.02754334468476637,0.027625573254441912
45,20,0.016302313879176775,0.027538946585567235,0.027621092059569034
45,21,0.016307394086316936,0.027534932764440925,0.02761708363582065
45,22,0.016288274631648333,0.027530720714247153,0.027612843992934396
45,23,0.016264867285158715,0.0275272711878934,0.027609455453523054
45,24,0.016253874193859368,0.02752546689352908,0.027607619467930857
45,25,0.016260227748372866,0.027523396311835636,0.027605624997219944
45,26,0.016246474665834294,0.02752184681744329,0.02760401509320395
45,27,0.01623820451003593,0.027520902545141158,0.027603050934509585
45,28,0.016235168221067367,0.027519949498576283,0.027602115782834762
45,29,0.016223003963204235,0.027519449654227087,0.02760162387573618
45,30,0.016224768052591935,0.027518625999174942,0.027600857368852594
45,31,0.016217563387264836,0.027518140615041646,0.02760035911195869
45,32,0.01621763359849475,0.027517716102356114,0.027599895692350943
45,33,0.016213629238651602,0.02751722878442149,0.02759941504170771
45,34,0.016204849678030223,0.027516824129277955,0.02759906493708377
45,35,0.01620241299179586,0.027516536194919047,0.027598771663127974
45,36,0.016199210394903296,0.02751638506978841,0.027598576551235324
45,37,0.0161983862925728,0.027515974151437587,0.027598220760658303
45,38,0.016185738653690787,0.027515717446526988,0.02759793894519679
45,39,0.01619031171707014,0.027515340066640987,0.027597580585838933
45,40,0.016187395022175664,0.02751499830333467,0.027597269907671407
45,41,0.01617774085547958,0.027514813437700264,0.027597077018207124
45,42,0.016181833589239598,0.027514878696279402,0.027597071043626978
45,43,0.0161720010464593,0.027514286751034126,0.027596583061856417
45,44,0.016177465286679307,0.02751396940557741,0.027596238931812622
45,45,0.016173389518200684,0.027513664297908202,0.02759602237492941
45,46,0.016173292833565927,0.027513607640415567,0.02759587560806933
45,47,0.016169407758585868,0.027513511181250824,0.02759575008416088
45,48,0.016165431106595407,0.027513112616138334,0.027595443417909492
45,49,0.016164489068767923,0.027513078933359983,0.02759534257161468
45,50,0.016164202877062803,0.027513008796983464,0.02759526403619162
45,51,0.016166178052826097,0.02751272322936648,0.027595009813477057
45,52,0.016162748226570812,0.02751247962812458,0.027594753974450957
45,53,0.01616150471959425,0.027512121182173967,0.02759446973452214
45,54,0.016156392408652295,0.027512127676282905,0.02759440718903821
45,55,0.016161027339017888,0.02751200463456558,0.02759428319485318
45,56,0.016156922643440173,0.02751176533386693,0.027594096597458807
45,57,0.016155114684327107,0.02751167077964081,0.0275939737000566
45,58,0.01615263512892822,0.0275115532218377,0.027593851120144165
45,59,0.016155365486686057,0.027511574551377718,0.0275938004083697
45,60,0.016150804483495318,0.027511322522225552,0.027593620824612888
45,61,0.01615222968077494,0.027511556569911638,0.02759375391055031
45,62,0.016151176405115136,0.02751121073696372,0.02759352196984479
45,63,0.0161458954171112,0.027511056610111616,0.027593464417609
45,64,0.01614945665756662,0.027511211083316195,0.027593445627987385
45,65,0.016149347735155056,0.02751099022588693,0.027593290779569627
45,66,0.01614240651259978,0.027511075486321594,0.027593329946261687
45,67,0.01614550852596616,0.02751088917755187,0.027593239317364807
45,68,0.016148276911286053,0.02751109938464248,0.027593326569325085
45,69,0.01614716895224439,0.027510876997489775,0.027593184651399618
45,70,0.016146526179670558,0.027511161526049332,0.027593365360801966
45,71,0.016146410953337784,0.02751092335099623,0.027593214062497044
45,72,0.01614356890105541,0.02751124811416849,0.027593430879144613
45,73,0.01614198540847654,0.027511343245648738,0.027593502400930114
45,74,0.016142290817555048,0.02751082833496681,0.02759321787237424
45,75,0.016145432492129935,0.027511278275696664,0.02759345668240379
45,76,0.01614445988033436,0.02751117760257679,0.027593382389798513
45,77,0.01614566740146163,0.0275109277381276,0.027593191924801534
45,78,0.016141892890401365,0.02751092597750251,0.027593179715876888
45,79,0.016145324786259116,0.027510829576063184,0.027593113735730944
45,80,0.01614242832951934,0.02751089295856641,0.027593147389646154
45,81,0.016139618849255154,0.027511175495599224,0.027593348764746006
45,82,0.016140758599311234,0.027510712941866678,0.027593113216202236
45,83,0.016142514827305006,0.027510850386074488,0.02759312427061864
45,84,0.016137551235934938,0.02751085333007054,0.027593116997216723
45,85,0.01613703503174734,0.027510691525738536,0.027593032718115165
45,86,0.01614094910226346,0.027511449431545536,0.02759355853889331
45,87,0.01614275575839056,0.02751133727106852,0.027593468775877608
45,88,0.016142436332506505,0.027510942313794327,0.027593179917915833
45,89,0.016140063838880062,0.027511165249338457,0.02759333153371052
45,90,0.01614006489699785,0.027511063133083262,0.027593259463533602
45,91,0.016139007237610078,0.027510799270221476,0.027593128282534775
45,92,0.016141739694937228,0.027512375376029113,0.02759435797812446
45,93,0.01613761562102723,0.027510909352583636,0.027593179023171946
45,94,0.01613945915380584,0.027511175062658627,0.027593349024510362
45,95,0.016139844803375283,0.027510759353098546,0.027593072000258047
45,96,0.016136369704121967,0.027510738052421234,0.02759305817502187
45,97,0.016138885316073617,0.027510774390568572,0.027593068681046856
45,98,0.016136724518957944,0.027510692940011152,0.027593073616569586
45,99,0.01613953898138692,0.027511069280839722,0.027593273375357903
45,100,0.016137876036020554,0.027510994584155592,0.027593229128829583
46,1,0.06688650043092031,0.0330642550863362,0.033129357234168585
46,2,0.02088460716806486,0.029763788159326388,0.02983834836996884
46,3,0.018820842281274848,0.028855588525360923,0.028933175464275606
46,4,0.017872754381389085,0.02830169968206228,0.028381335966854066
46,5,0.017353193423932982,0.02802781912328398,0.02810809763568867
46,6,0.01699413041090631,0.027877868358443043,0.027958565901552566
46,7,0.01679227464533668,0.027783812995338882,0.02786491303009994
46,8,0.01664797617543441,0.027713450190888705,0.02779512393056701
46,9,0.016527058222811086,0.027665394910401153,0.027747312078763353
46,10,0.01645592912190163,0.027632975712471287,0.02771500807231238
46,11,0.016398421220611737,0.02760643682916432,0.027688723181161487
46,12,0.01633542133901569,0.027587135500385353,0.027669613414411903
46,13,0.016306103709522794,0.027570940289479554,0.027653580065770837
46,14,0.016256324473453633,0.027556678042883146,0.02763920156037903
46,15,0.016234865375322562,0.027544269532467105,0.027626896292022845
46,16,0.01621117969445258,0.027535590314617817,0.027618157097582686
46,17,0.016194910313424078,0.0275273990785454,0.027609949756226233
46,18,0.016184248868504596,0.027521849588263102,0.02760435047784782
46,19,0.016175317942376696,0.027519100530930637,0.027601549785169845
46,20,0.01616446288700568,0.027515901908083503,0.027598296554124293
46,21,0.016159237398778902,0.027512177608764954,0.027594623774784135
46,22,0.016153830385838695,0.027509136634020097,0.027591653109630448
46,23,0.016142064523692136,0.02750604728537934,0.027588412404999305
46,24,0.016132535039816272,0.02750320410676135,0.027585661904567085
46,25,0.01613368952660477,0.02750144792652857,0.027583846671260515
46,26,0.01613109751229755,0.027499398328022673,0.027581877137927594
46,27,0.016128198313934413,0.027497644312492873,0.027579992172323296
46,28,0.016116879737625437,0.027494968710748163,0.02757729255684178
46,29,0.016118958556974636,0.027493684002824204,0.027575966719578366
46,30,0.016116825431559196,0.02749187061670737,0.0275742321575351
46,31,0.01611001691297891,0.027491460275610675,0.027573728243550817
46,32,0.016110822660167088,0.027488379816683485,0.02757070265266759
46,33,0.016101810143910877,0.027486568999347517,0.027569102735147875
46,34,0.016098586650654292,0.027485148232625656,0.02756745207699099
46,35,0.016097412004522055,0.02748402642581654,0.027566620253803693
46,36,0.01609412611316717,0.027483432142692048,0.0275657956462929
46,37,0.01609255256885165,0.027481335786601804,0.027563856794016475
46,38,0.016091762699601025,0.027479128020464906,0.027561569915230944
46,39,0.01608315342428361,0.027478199016534453,0.02756061487715168
46,40,0.016083972012878863,0.027477185127384514,0.02755965986793512
46,41,0.016083189317057663,0.027476157239821983,0.02755844772087069
46,42,0.016080749328790857,0.027474498096008076,0.027557036594311007
46,43,0.01607328241954385,0.027474135493827746,0.02755666446744238
46,44,0.016071691105475447,0.027473667398455574,0.027556052000820782
46,45,0.016076972372669158,0.027474140198448887,0.027556270347191773
46,46,0.01607017168306354,0.027471443093987916,0.027554232438108308
46,47,0.016066806056352276,0.027469237348240468,0.02755179403011621
46,48,0.016067985756526095,0.027469135434024218,0.027551619381882126
46,49,0.016062484834021017,0.027467826885504785,0.027550488829687594
46,50,0.016061485322928747,0.027465823380740984,0.02754827546421428
46,51,0.016057313413894166,0.02746329171731302,0.027545644888325546
46,52,0.01605553086785013,0.027462441883786184,0.02754501140965397
46,53,0.01605359544626835,0.027461572337030886,0.027544225651345473
46,54,0.01605113140757071,0.02746244676158356,0.027544826861511724
46,55,0.016050591772970677,0.02745916968990047,0.02754175344512463
46,56,0.01604739936051172,0.027459388007411573,0.027541854926398972
46,57,0.01604833122433314,0.027457415818684203,0.027540151132000316
46,58,0.016046183461976518,0.02745626636140237,0.027538873986121946
46,59,0.016040555692481154,0.027455995860118116,0.0275386678486756
46,60,0.016040978515060818,0.027456447792374713,0.027539215836011963
46,61,0.01603937016422644,0.02745491855960225,0.027537751717524043
46,62,0.016042270350115784,0.027452725802072676,0.027535483051106004
46,63,0.01604091936608407,0.027452545381295053,0.027535077299184873
46,64,0.016034065467291744,0.02745055131463624,0.02753286168242049
46,65,0.016032982457781505,0.027450306962963977,0.02753286889809699
46,66,0.016038614226617634,0.027447930378857427,0.027530353022601952
46,67,0.01602909343442303,0.027449399230848128,0.02753230099549348
46,68,0.01602931445354221,0.027446725995845342,0.027529288479416075
46,69,0.016026251854273706,0.027445795317877917,0.02752794186100433
46,70,0.016028286198017265,0.02744647240810703,0.02752867093295822
46,71,0.016018863140794128,0.027446030808699323,0.027528075870548348
46,72,0.016023122551213274,0.02744413450002704,0.027526329272756677
46,73,0.01602124493388478,0.02744453390215801,0.027526823633185267
46,74,0.01602157792496747,0.02744189934318178,0.02752408926700571
46,75,0.01602173465252069,0.02744110841843868,0.027523233199145365
46,76,0.016019212717139304,0.027440148358236154,0.027522042179581735
46,77,0.016016557558711376,0.027439507230939197,0.027521597982536197
46,78,0.016009732362768172,0.02744110752369478,0.027523338634610428
46,79,0.01601752901046652,0.027441154627631602,0.02752353230336778
46,80,0.016014556326071534,0.027439436950249144,0.027521456468688612
46,81,0.016015768978911677,0.027440913219955388,0.027522832411609667
46,82,0.016011430927023756,0.027440796585758882,0.027522803635491772
46,83,0.016008386407409897,0.02744143722238983,0.027523411714982054
46,84,0.016011217492506044,0.02744174625538711,0.027523421614890218
46,85,0.01600939366402909,0.027440196414642286,0.02752232382186701
46,86,0.016004826224899335,0.02743961485997131,0.027521583204830717
46,87,0.016004085410061288,0.027437525286617064,0.027519748633511115
46,88,0.01600278634485075,0.0274356512022287,0.027517492955310786
46,89,0.01600205599448026,0.027435053340128614,0.027516889407265346
46,90,0.016001496087713847,0.027438101097609472,0.027519931825106182
46,91,0.016003013927274212,0.02743736102895502,0.027519311623279374
46,92,0.01599427025463437,0.027436494253019535,0.027518684898481006
46,93,0.015997274124401106,0.02744036658915914,0.02752200921837147
46,94,0.015995581392314603,0.0274374436340207,0.027519412094359003
46,95,0.015995693973766635,0.027438794062327097,0.02752098617975684
46,96,0.015997873011479407,0.02743628696106227,0.02751829660849701
46,97,0.015994225717215805,0.027436220605700286,0.02751808524690088
46,98,0.01599808046674569,0.027435442842351297,0.02751731983680012
46,99,0.015993218362500446,0.02743418656419313,0.027516531942651374
46,100,0.015991084194327522,0.027433642213550685,0.027515534995922977
47,1,0.031440840163268514,0.029368780317675414,0.029449228092511583
47,2,0.017857628867696384,0.027992867049692484,0.028073725039097743
47,3,0.016848133169560412,0.02773657071956482,0.027819071981588266
47,4,0.016549546799153835,0.02765431495036007,0.027737408245272863
47,5,0.016398118470264355,0.0276081564114854,0.02769113760424489
47,6,0.0163202662908649,0.02757701418627418,0.02766014578299739
47,7,0.01627275244894625,0.027557714589257595,0.027640662417381175
47,8,0.016237673787199085,0.027545367181190973,0.02762824602760684
47,9,0.016209262538783766,0.02753534668451321,0.0276184912411302
47,10,0.01617909952575635,0.0275281696550805,0.027610982492710084
47,11,0.01617166825398585,0.027523725519864678,0.027606685961430278
47,12,0.016155345207110264,0.027520099555786784,0.027603176747045096
47,13,0.016143879241817358,0.027515792605014418,0.0275986983518547
47,14,0.016133864473280628,0.027511102703853717,0.02759395467953334
47,15,0.01612288375122661,0.027507958054267524,0.027590930300883762
47,16,0.016122618439547695,0.02750424042223415,0.027587193417473548
47,17,0.016119338410514404,0.027501618736024965,0.02758464120383164
47,18,0.01611036567733475,0.02749848638195169,0.027581129016587737
47,19,0.016108260400848277,0.027494359823094238,0.027577155054910332
47,20,0.016096971015218405,0.027490854476266334,0.027573723279165383
47,21,0.016096090961511964,0.02748724571436145,0.027569927631285726
47,22,0.016088010885358463,0.027483583671900576,0.027566662191315528
47,23,0.016081584174688936,0.02747897712623592,0.02756166830819574
47,24,0.016085536271143612,0.02747498685707802,0.027557658325861233
47,25,0.016077656904039336,0.027471353504147294,0.02755424886098803
47,26,0.016072252260787092,0.027466724763061424,0.027549313395985212
47,27,0.01606703453879712,0.027462315263093267,0.027545218903647497
47,28,0.01606886765445359,0.027459150727102373,0.027541523091867942
47,29,0.016060216432014558,0.027454414587886042,0.027536737482034744
47,30,0.01605324688152014,0.027450855412110727,0.027533283020202866
47,31,0.016048653868403446,0.02744801246439439,0.027530443276283657
47,32,0.016046402065436415,0.02744467137522853,0.027527356467600975
47,33,0.01604719326564306,0.02744303327232758,0.027525728495531015
47,34,0.016040647115866707,0.027439632408496794,0.027522076353025657
47,35,0.016037061227048757,0.02743914849636152,0.027521353717455208
47,36,0.016033941197720662,0.027435897227937937,0.02751833225393894
47,37,0.016035208899164884,0.027433669748572576,0.027516230240785422
47,38,0.016030294320142042,0.027433002731427993,0.027515213523103405
47,39,0.016026610215738382,0.02743161111603958,0.027514214094182293
47,40,0.016023176788358583,0.02742978658891808,0.02751225864584991
47,41,0.01602486873995918,0.027429126874038208,0.027511504809694262
47,42,0.01602866939852824,0.027429454177128627,0.027512073607041658
47,43,0.01602196884136556,0.027428567312749497,0.027510968396303008
47,44,0.016021162618143896,0.027428605844462522,0.027510795248929635
47,45,0.016025074296739522,0.027432387782605726,0.02751536848697199
47,46,0.016018406254554095,0.027427890280245795,0.027510335263983905
47,47,0.01602043325271215,0.027427371848313686,0.027509572711291043
47,48,0.01601510880887322,0.02742610428483732,0.02750851428699884
47,49,0.01601767817919791,0.027426333339275202,0.02750838345235248
47,50,0.016012581862757006,0.027424530055105603,0.027506721710916487
47,51,0.016012963728543973,0.027424753423590326,0.027506885420184993
47,52,0.016012896761952146,0.027427263728615564,0.027510075268728142
47,53,0.0160109018011572,0.027425784861265744,0.0275079606714348
47,54,0.016012134817244738,0.027426118081210975,0.027508249269632225
47,55,0.016005901794127524,0.02742551612060658,0.027508075660455558
47,56,0.016002964012004205,0.027425503738505542,0.02750786123941259
47,57,0.015996577290707328,0.02742568274501055,0.0275079952200939
47,58,0.01600185261537189,0.02742625093624847,0.027508974271944566
47,59,0.016002011191158173,0.027425783793345607,0.027508439446002148
47,60,0.016000380401609143,0.027424836807949077,0.0275075214676374
47,61,0.01600143731952454,0.027423326249347645,0.02750580243372997
47,62,0.01599682602705323,0.027424343111356338,0.027506483189513993
47,63,0.015989654789698642,0.027424781131788457,0.027507015360087463
47,64,0.0159932593064823,0.02742676896410269,0.02750928417081903
47,65,0.01598985990363389,0.027425103326179846,0.02750741692691622
47,66,0.015988769835013118,0.02743136390695938,0.027514428803852322
47,67,0.015988936550466088,0.02742964481530431,0.027512456037896333
47,68,0.015989544376845126,0.027424343457708816,0.027506800823593667
47,69,0.015991014500198335,0.02742425219383122,0.027506665428639762
47,70,0.015984765298336014,0.02742566828479465,0.027508034675413018
47,71,0.01598318205794594,0.02742415429153116,0.027506614572551765
47,72,0.015983974814273067,0.02742497454078395,0.027507716752706284
47,73,0.015987144258617733,0.02742343843868737,0.027505831931415516
47,74,0.015985026916572647,0.0274296890618332,0.027512751043614492
47,75,0.015995621453364972,0.02742454893131558,0.027506639423341642
47,76,0.015981157908983374,0.027430936738904864,0.027513786291153766
48,1,0.044956953962440815,0.030938059460269236,0.031017532088291205
48,2,0.01900007268016707,0.028203506763409533,0.02828643452360202
48,3,0.01695598510741748,0.027751775593289094,0.027834506659981207
48,4,0.016516837780157154,0.02762363660656589,0.02770594596191735
48,5,0.016366732777449787,0.027571643817947716,0.02765343771490478
48,6,0.01627295521770023,0.027547836530035848,0.027629656490324284
48,7,0.01623709861834027,0.027535958429575066,0.027617733393058414
48,8,0.016209259960033032,0.02752832291605141,0.027609928859627077
48,9,0.01619794944555308,0.027522108255837736,0.027604095389252077
48,10,0.016179497753812402,0.027518362482665634,0.027600360439643166
48,11,0.0161703212638361,0.02751554851310651,0.027597832990203016
48,12,0.016170252721793472,0.027513781971162138,0.027595566170998165
48,13,0.01616663035777121,0.027511433268429957,0.02759368290829352
48,14,0.016148041059899365,0.0275101820123827,0.027592199336341744
48,15,0.01615145036391362,0.027510819445253243,0.02759342259554799
48,16,0.016152795843624626,0.027507977247967268,0.027589962390037616
48,17,0.01614821655953322,0.027507385042957636,0.02758950353073742
48,18,0.01614796010556718,0.02750591079364084,0.027588060828377357
48,19,0.016143015588620496,0.027505425063155065,0.027587892472213184
48,20,0.016143227027957632,0.027505990801062943,0.027587794454463566
48,21,0.016138042736709154,0.027502792033902275,0.027585141394526846
48,22,0.016138866525254772,0.02750326598840384,0.02758519660888345
48,23,0.016137127587884874,0.02750102959046221,0.02758308700483825
48,24,0.016133619122741482,0.02749934539381916,0.027581616219065238
48,25,0.01613296774657066,0.027499381356751316,0.027581283432064906
48,26,0.016129377433884554,0.027496996979714042,0.027579250747131235
48,27,0.016130800394085255,0.027496112857292018,0.027578150269876367
48,28,0.016122488221908326,0.027493551118924,0.027575696160572198
48,29,0.01612199592767438,0.027492974182286047,0.027575278892431367
48,30,0.016120215162433064,0.027495864262801914,0.027577508103530286
48,31,0.016115881227011398,0.027497120829587145,0.02757856730711555
48,32,0.016111846839025605,0.02748891839478465,0.02757112006512195
48,33,0.01611213078046589,0.02749088374305061,0.027572534886108002
48,34,0.016104487357654348,0.027486470057990025,0.027569182569392708
48,35,0.016102375061720447,0.027481253354712364,0.027563570706874475
48,36,0.016095273161625543,0.027480397690918836,0.02756224593753118
48,37,0.01609418532951593,0.027475668651928277,0.02755811071991528
48,38,0.016085498713053835,0.027473329040948607,0.027555815499807713
48,39,0.01608309329881786,0.027470478906418377,0.027552933298847955
48,40,0.016081390299487845,0.027467507635109446,0.027549573881906982
48,41,0.01607677635571277,0.02746502639482954,0.027547076103328613
48,42,0.016069613907862303,0.02746116935592432,0.02754387456538953
48,43,0.016065590051036957,0.027460693611934955,0.02754329823487586
48,44,0.016063683087001488,0.027456338431580216,0.02753884552749382
48,45,0.016057434701865467,0.02745556095685829,0.027538012867288048
48,46,0.01605586639681755,0.02745111384878371,0.027533411892185215
48,47,0.0160501124014689,0.027451382069914158,0.02753414794891396
48,48,0.016045744854558047,0.027448846885236015,0.027531004049798784
48,49,0.016044816261784993,0.02744535712426956,0.02752762390943489
48,50,0.016038189337555325,0.027444408147346288,0.027527032714627624
48,51,0.016037449743922162,0.027442642644459347,0.027525533095011306
48,52,0.016040414915594384,0.027436941740419347,0.027519267376751054
48,53,0.016034243157484897,0.02743649471482284,0.027518296723947837
48,54,0.016027520143189623,0.027430185586971162,0.027512604940596652
48,55,0.016024209042278036,0.027429258776606392,0.027511365114197158
48,56,0.01602074690043773,0.02742881154897094,0.027510652291946755
48,57,0.01602433320386156,0.027424628361483554,0.027506882562777096
48,58,0.01602183812654046,0.027427277842478986,0.02750900596319577
48,59,0.01601756686495181,0.02742891424248026,0.02751177150109782
48,60,0.016019996526169145,0.027430929840718037,0.027514018231859286
48,61,0.016004126499529397,0.02742204696761249,0.027504492701856512
48,62,0.01600122657971245,0.027419843559744254,0.027502251830224367
48,63,0.016009917388637905,0.027420474700544803,0.027502377296407404
48,64,0.01600059537776658,0.027420213579640126,0.027502300925687295
48,65,0.015998643297624033,0.02741952482887763,0.02750188215668575
48,66,0.01599248693460179,0.027419523356879607,0.0275014033532557
48,67,0.015990520639503184,0.027418029827274943,0.027499958486192688
48,68,0.015995825251031923,0.02741723356293116,0.027499263962897896
48,69,0.0159835597500275,0.027420321728200955,0.02750249280495687
48,70,0.015983629058496415,0.027420931828088548,0.027502623495289695
48,71,0.015981340696200493,0.027417756266543816,0.02749983605059378
48,72,0.015981779604012324,0.02741562683379205,0.027497400586597692
48,73,0.01597701641851708,0.02741394950647312,0.027496159028435836
48,74,0.0159818179670246,0.02740863198576205,0.027490578366502805
48,75,0.015971951357652232,0.027412917231779216,0.027494809206263727
48,76,0.015970052507607056,0.02741400088209049,0.027495817120820408
48,77,0.015963261825710475,0.027415555167692094,0.027497216211631682
48,78,0.01596582321894743,0.02741449732064033,0.027497070743593376
48,79,0.015966480019638858,0.027410725484444363,0.027492185701737965
48,80,0.015966165783406774,0.027404871867824875,0.02748682361707757
48,81,0.015961755790370923,0.027403474018091883,0.027485577498608162
48,82,0.01596417821050867,0.02740633462978453,0.02748877430306346
48,83,0.015958984240786827,0.0274024477179782,0.027484579685998586
48,84,0.0159585188353725,0.027403342779365944,0.027485149724442343
48,85,0.015954084369460744,0.02740449246754943,0.02748624607433025
48,86,0.015956660479167453,0.02740102198687084,0.027482869484079193
48,87,0.01595359792923296,0.02740435762098519,0.02748613247071938
48,88,0.0159495975745931,0.02740688965962834,0.02748882039680496
48,89,0.015947643428888165,0.027411527203839655,0.027492965023663024
48,90,0.015945296522068435,0.027405915168072618,0.027487849830589862
48,91,0.01594624887874414,0.027408962838965354,0.02749017959935653
48,92,0.01594562306389992,0.027400820582905678,0.027482823390337693
48,93,0.015940004115698264,0.02740485896619512,0.02748689635109672
48,94,0.01593802071625904,0.02740473947459068,0.02748665878216353
48,95,0.0159403755667665,0.027402177534183718,0.027484292732975403
48,96,0.015937488959653516,0.027398042836043066,0.027480075545274426
48,97,0.01593793960710344,0.027401783125300953,0.02748335166444585
48,98,0.015936268028656244,0.027402132190871988,0.027484403075100493
48,99,0.015942345693306482,0.027405337192377234,0.027487039106040664
48,100,0.01593924932842698,0.02740323388037475,0.027485504302785714
49,1,0.04130505794579771,0.029387930983127048,0.029475058165141125
49,2,0.018032211046153924,0.028238839449510146,0.028323493343378872
49,3,0.017031206056906213,0.02783145256626635,0.02791513090593955
49,4,0.016623807762955623,0.027652941460751267,0.027736155344067544
49,5,0.016399403726682093,0.02758357632461004,0.02766650513187595
49,6,0.01630071001663016,0.02755398140022548,0.02763671754931143
49,7,0.016267043879125385,0.027539150183098084,0.027621645732858482
49,8,0.016225389669473234,0.027532182321698552,0.027614767692290165
49,9,0.016212388734157767,0.027526984321454628,0.02760943591347108
49,10,0.01618876930358314,0.027523133834383758,0.027605565568908263
49,11,0.016175460362125405,0.027520739730614432,0.027603154465036053
49,12,0.01617722750418812,0.02751941057412264,0.02760188239899394
49,13,0.01617054761905786,0.027518371661006267,0.027600785702753563
49,14,0.01616462446446552,0.02751723894409414,0.027599533754017542
49,15,0.01615784136975377,0.02751612293868901,0.02759844759266486
49,16,0.016160928320104757,0.02751555399702072,0.02759776311359176
49,17,0.016156367633219967,0.027514394986183077,0.027596846434048784
49,18,0.01615292296410179,0.027513789677504744,0.027596109973242158
49,19,0.016150255443106828,0.027513817962957002,0.0275960132254516
49,20,0.01614462413425561,0.027513760699347533,0.027595906260263117
49,21,0.016150399857605222,0.027512824364289656,0.0275951324222522
49,22,0.016145562758431094,0.027512461935285563,0.027594950414028083
49,23,0.016144167045044955,0.02751218658506664,0.027594516174616116
49,24,0.016145217061608867,0.027512137431877665,0.02759442710430536
49,25,0.016141821920323998,0.027511917728956652,0.027594344152888278
49,26,0.0161469182742533,0.02751195447118188,0.027594213029614862
49,27,0.01614662522040676,0.027511717710401395,0.027594085312140755
49,28,0.01614341224947533,0.02751215039123283,0.027594295028562643
49,29,0.016137708881853143,0.027512511579140548,0.027594571273521894
49,30,0.0161411012585308,0.027511853826924712,0.02759401765795786
49,31,0.016140341132882846,0.027512100689652434,0.027594218773293357
49,32,0.016141261890690737,0.02751216869018868,0.027594255082577523
49,33,0.016139128888465012,0.02751147462868821,0.027593710183550703
49,34,0.01613945599567021,0.027511287915840597,0.0275935757699288
49,35,0.016139137679349828,0.027512235161001486,0.02759428348348024
49,36,0.01614124845249973,0.02751119500678874,0.02759366616792403
49,37,0.016141050404061524,0.02751146680689478,0.027593628328916448
49,38,0.016137818938586502,0.027512044696002044,0.027594085889394875
49,39,0.016138033743820834,0.027510948115198313,0.027593309107387946
49,40,0.016136941610513784,0.027511509552562936,0.027594182088794016
49,41,0.016140523393660438,0.027510181117638803,0.02759258058382547
49,42,0.016139899329027943,0.0275116354805509,0.02759358483281849
49,43,0.01613614356153072,0.02750961001126754,0.02759181208541517
49,44,0.01613384371660799,0.027509949234655696,0.027592650258397786
49,45,0.016134673771441597,0.027508818307231363,0.027591103188492783
49,46,0.016133704255088085,0.027508793138951396,0.027591383243329225
49,47,0.016130365106291372,0.027507857323422234,0.027590137933015586
49,48,0.016129302731718385,0.02750654764925725,0.02758876969643704
49,49,0.01612768573099551,0.027507289218772435,0.02759000709836923
49,50,0.016123976930375074,0.027507524103477003,0.027590345224970173
49,51,0.016116087671146365,0.02750362437662904,0.027585849050352874
49,52,0.016113295070347856,0.02750132453845877,0.0275838538003489
49,53,0.016104583680148575,0.02749889100823252,0.02758145297160003
49,54,0.016104387880965434,0.027494037340075786,0.02757643605604084
49,55,0.01609542510660278,0.02749057696134443,0.02757267080059062
49,56,0.016097148704134232,0.027484084353268257,0.027566004092755725
49,57,0.01609588016205306,0.027485968972544454,0.02756809000051929
49,58,0.016087286299182317,0.02748011342212364,0.027561844110938066
49,59,0.016080657816247543,0.0274754925028312,0.027557050304096362
49,60,0.016076062735314683,0.027469455896653224,0.027551369777200525
49,61,0.01606874748035938,0.027467733370336093,0.027548962742969862
49,62,0.016072006455952477,0.02746287655614436,0.027544069100028056
49,63,0.016069588236311588,0.027460487589936772,0.02754206871246241
49,64,0.01606602992554084,0.02746099268729853,0.02754278309329894
49,65,0.016065300503110534,0.027459681137057632,0.027541757110688295
49,66,0.016061029488899866,0.027459247965560186,0.027540777712485153
49,67,0.016056989580531155,0.027455622088070415,0.027537408886302017
49,68,0.016060412858673132,0.02745642002645117,0.027538299387370638
49,69,0.016053909622236743,0.027453958181909956,0.027536040303371
49,70,0.01604734730245054,0.02745204288157687,0.0275334982205389
49,71,0.016045745234049173,0.02745068047524732,0.027532391682115773
49,72,0.016054586443660403,0.027453052325870024,0.027534800044030912
49,73,0.01604073765379358,0.02745066122382216,0.027532284601476463
49,74,0.016048343614057752,0.027450779734094582,0.027532779423708353
49,75,0.016054544750031933,0.027449657782971936,0.027531266758148914
49,76,0.016045713282429572,0.02745002618655625,0.027531458175615194
49,77,0.016043856559353985,0.02744866744579041,0.027530179211386344
49,78,0.016042710822760316,0.027448725228928595,0.02753037570868888
49,79,0.016037428168481846,0.02744749544673489,0.027529173923335908
49,80,0.01604116894251589,0.027445969013644947,0.027527769175434254
49,81,0.016032971791826025,0.027448483705801555,0.02753021471251474
49,82,0.016035288900380803,0.027447281314316212,0.02752919955341885
49,83,0.016038842002170456,0.02744587809611983,0.027527922927069185
49,84,0.016019449905658355,0.02744519673421017,0.02752727706629673
49,85,0.01602670747767985,0.027444849775616703,0.027526992624328974
49,86,0.016029763639578355,0.027446273977000626,0.027528081845128494
49,87,0.016031507590172505,0.027446429085184746,0.02752856197624302
49,88,0.01602873237598114,0.027445998973134177,0.027527904397211925
49,89,0.01602261657896944,0.027446661920637164,0.027528987123902594
49,90,0.016014491409535106,0.027444086616797144,0.02752604076114737
49,91,0.0160211900523788,0.02744418959893353,0.02752624375255876
49,92,0.016019051206797606,0.027444380208246504,0.02752635371946867
49,93,0.01601918521120682,0.027441020185145257,0.027522817143238187
49,94,0.016014168540264648,0.027442156423307565,0.027524234879357547
49,95,0.01601447422831266,0.027441195930164444,0.027523708221560927
49,96,0.016005334784039184,0.027448698473199775,0.027530283809832936
49,97,0.01601302021798632,0.027441661860833636,0.0275241588261272
49,98,0.016003499240418776,0.02743634503282752,0.02751847650974359
49,99,0.015998040577843223,0.027437661518591207,0.027520238866572747
49,100,0.01599775846272134,0.02742836507176585,0.027510695499417655
50,1,0.023891425722031505,0.028187379812804336,0.028269569524949894
50,2,0.016760622056877155,0.027654558118661375,0.027737462968963462
50,3,0.01633867834348414,0.027562870074735013,0.02764598801958117
50,4,0.016239500675831707,0.027536464796895907,0.027619608458754552
50,5,0.01618511743235101,0.027523161398268357,0.027605705610757838
50,6,0.0161660974847722,0.027516272764997858,0.027598730908987082
50,7,0.01615364165348954,0.027511765305004224,0.02759406862949668
50,8,0.016148866629523705,0.027510041739629666,0.02759297014376853
50,9,0.016127598443317757,0.02750666849740889,0.027589403434872966
50,10,0.016126037580682984,0.02750147693354849,0.027583932018282194
50,11,0.016119211328515244,0.027498358924240292,0.027580710824840315
50,12,0.01611716447403061,0.02749524810174598,0.02757758008711908
50,13,0.01610661405500185,0.027491840051101307,0.027573988873786114
50,14,0.01609972849394062,0.02748916193830114,0.0275712052678301
50,15,0.016098384248648276,0.027487801465772916,0.027569924658427006
50,16,0.016088997817093803,0.02748693910583151,0.027569407496460665
50,17,0.01608516568635478,0.027483035367067355,0.027564567278387693
50,18,0.016081025637622273,0.02747833943360102,0.027560077742192775
50,19,0.01607209722090855,0.027473874979039904,0.027556122858764045
50,20,0.01607104880213434,0.027467742923891907,0.027549380963579992
50,21,0.016055774345276018,0.027469055570915647,0.027551605008254532
50,22,0.01605699916606934,0.02746245842211694,0.027544147087059705
50,23,0.016046514712590783,0.027457794122176808,0.027540084199385074
50,24,0.016042910679454438,0.027452850662140503,0.02753454227120351
50,25,0.016027774290241003,0.027448265243976918,0.027530004678603084
50,26,0.016019965419806867,0.027444539876738235,0.027526999435927593
50,27,0.016012462270625583,0.027439739113922303,0.027521195809590608
50,28,0.016012724000211226,0.027440566954066874,0.02752296812405334
50,29,0.016000926368115325,0.02743095379676434,0.027512365726489216
50,30,0.01599313578416401,0.027426879392817325,0.027508155061759798
50,31,0.01599281597648323,0.027427265575828773,0.027508768249949047
50,32,0.015992756443450176,0.027427725733956687,0.027509860299293757
50,33,0.015984909399189923,0.027421821232385842,0.027502941215957488
50,34,0.015979148756828113,0.027422956546941542,0.02750421218521677
50,35,0.015975703120697637,0.027421653568924443,0.027502926900055305
50,36,0.015973057322584115,0.027418263442020432,0.027499613317091477
50,37,0.015975269249371538,0.02741687860936802,0.027498214832397026
50,38,0.01596181641616651,0.027416991462549993,0.027498515697244506
50,39,0.015965546531335296,0.02741154879314403,0.027492206598337118
50,40,0.015967397312303157,0.02741145175672516,0.027492532544876123
50,41,0.015961959168027912,0.027407879592731974,0.027488679402486088
50,42,0.01596002029961478,0.027408686565139825,0.027489858703791076
50,43,0.0159518984601361,0.02740895848069669,0.027489826117795987
50,44,0.01595156118938085,0.027405330063288758,0.027486369520123864
50,45,0.01594643424180527,0.027405007031878884,0.027485994535847345
50,46,0.01594393328775757,0.02741071258281461,0.027492182844330068
50,47,0.015952791345886428,0.027401294393093713,0.027482229453573356
50,48,0.01593557850817056,0.02740295679839344,0.02748390885898543
50,49,0.015937579360452068,0.027408083074811997,0.027489336202224122
50,50,0.015941717709761993,0.02740691456814395,0.02748778324432709
50,51,0.015934692307894616,0.02740212783260332,0.027483617143615757
50,52,0.01593012029737465,0.02740468524156538,0.027485282290851062
50,53,0.015931637248457423,0.02740264909308066,0.027483598325131437
50,54,0.015935674789986084,0.02740448669500815,0.02748582211004162
50,55,0.015934831865348775,0.027401776688917426,0.027482784541135397
50,56,0.015930171895457604,0.02740305065991461,0.027483936018791788
50,57,0.015922960488087074,0.027404946737685242,0.02748530486148716
50,58,0.015928128578361993,0.027407039457074484,0.0274883410449835
50,59,0.015922027599781216,0.02740299836069064,0.02748384224385995
50,60,0.015920828615322066,0.027406045858407137,0.027486563794998038
50,61,0.015925319304866518,0.027400179195844362,0.027480900066197102
50,62,0.015920613450592702,0.027398094269385845,0.027479269900561484
50,63,0.01591500135409819,0.02740341548452333,0.02748420675097419
50,64,0.015920708073526968,0.02740298453545428,0.027483498864246517
50,65,0.015912072609511073,0.027408802131416197,0.027489451162382172
50,66,0.015918959222868956,0.027401039535396323,0.027482363694019022
50,67,0.015909467387703963,0.02739940815750596,0.027480207592154436
50,68,0.015904972668021447,0.02740972539166808,0.02749099554805552
50,69,0.015908074865463383,0.02740429862561334,0.02748557634409992
50,70,0.015905807806951684,0.027405372491467146,0.027486251240754624
50,71,0.015897371080748093,0.027403544471958172,0.027484547388630556
50,72,0.01590744698372944,0.027397270787509937,0.027478335961120315
50,73,0.01589746543292185,0.027405417805916172,0.027487275231838554
50,74,0.015903526378998105,0.027399396352659047,0.027480176045216763
50,75,0.015898880079157993,0.027402518402746143,0.02748365027800226
50,76,0.015893114862191932,0.027405845089421513,0.027486665968977326
50,77,0.015890153401601857,0.02740548704754879,0.02748601577879897
50,78,0.015895976105044164,0.027394881705851522,0.02747568982823304
50,79,0.015892310086154212,0.027406317543062348,0.027487100843368823
50,80,0.015890392271109225,0.027402316767879326,0.027483453492072662
50,81,0.015882559359869684,0.027402539010718503,0.027483036628009716
50,82,0.01588746093385835,0.02740128293459928,0.027482686465660367
50,83,0.015892227721554377,0.02739864473892204,0.02747910734580122
50,84,0.015884629267344862,0.027399263151269074,0.027480333289239125
50,85,0.01587947472552242,0.027389035362634043,0.02746987431046118
50,86,0.015880589626219386,0.02739200931817467,0.02747277241477195
50,87,0.015873809090581285,0.027398960381479084,0.027479443798365213
50,88,0.01588286159684614,0.027401566106611635,0.02748289130428494
50,89,0.015878756211918765,0.027398466915787997,0.027479148706058935
50,90,0.015877375754372407,0.027398462153441442,0.027478779003657614
50,91,0.015881901301860228,0.027394771075097944,0.027476116245851678
50,92,0.01587204495663257,0.027399449084823616,0.027480373379537775
50,93,0.01587550527201236,0.027396316528711398,0.027478001413494917
50,94,0.015868471990150016,0.027392551763878493,0.027473829136164498
50,95,0.015868948186561194,0.027397114034151553,0.02747804294692887
50,96,0.01586175731357994,0.027395049282724803,0.027475767238010568
50,97,0.0158736564833123,0.027396711601436412,0.02747793384590014
50,98,0.015861882048062655,0.027392180676062486,0.02747339013440604
50,99,0.015864597873646077,0.02738744687472537,0.02746852186178282
50,100,0.015857026843332372,0.027399031585775738,0.027479758488448875
