feature,train_mean,train_std,safe_train_std,zero_std_feature
rpi,0.002826233220602776,0.004251862589626497,0.004251862589626497,False
w875rx1,0.0025842732269300023,0.003959827676597294,0.003959827676597294,False
dpcera3m086sbea,0.0028623366305309743,0.006094153762555216,0.006094153762555216,False
cmrmtsplx,0.002335265146689203,0.011041480268918186,0.011041480268918186,False
retailx,0.006513129442888969,0.013621402571520577,0.013621402571520577,False
indpro,0.0019457649330381673,0.008715085354957195,0.008715085354957195,False
ipfpnss,0.002301087377138448,0.008271824318417765,0.008271824318417765,False
ipfinal,0.002277978548199745,0.00876533928881219,0.00876533928881219,False
ipcongd,0.0019073307320892235,0.009636270875939486,0.009636270875939486,False
ipdcongd,0.0020994897350462356,0.02124201247369571,0.02124201247369571,False
ipncongd,0.001830371403588227,0.007851844439188817,0.007851844439188817,False
ipbuseq,0.003395452453169658,0.01252166246765516,0.01252166246765516,False
ipmat,0.0015802374754038664,0.010819183169242661,0.010819183169242661,False
ipdmat,0.0015151517231241718,0.01666533244729013,0.01666533244729013,False
ipnmat,0.002401179985397197,0.011022375525019584,0.011022375525019584,False
ipmansics,0.002112834104481016,0.009838491813793253,0.009838491813793253,False
ipb51222s,0.0028127076540150125,0.026863883270592658,0.026863883270592658,False
ipfuels,0.0014264921908574784,0.021613060071035643,0.021613060071035643,False
cumfns,-0.047084166666666684,0.7819332751260207,0.7819332751260207,False
hwi,5.516666666666667,107.23105763827111,107.23105763827111,False
hwiuratio,-0.002534938495833335,0.035370008879375324,0.035370008879375324,False
clf16ov,0.0018221479452481982,0.00285589450895524,0.00285589450895524,False
ce16ov,0.0016787027534258367,0.0031083825362481026,0.0031083825362481026,False
unrate,0.013750000000000005,0.20294318786300758,0.20294318786300758,False
uempmean,0.022083333333333337,0.4651745117575648,0.4651745117575648,False
uemplt5,0.003341959951322916,0.050685624185594844,0.050685624185594844,False
uemp5to14,0.005085777520785797,0.05718953154129274,0.05718953154129274,False
uemp15ov,0.006488486521068208,0.054804723430188426,0.054804723430188426,False
uemp15t26,0.005700575437846715,0.07580509426933782,0.07580509426933782,False
uemp27ov,0.007342329164382348,0.08354482020912983,0.08354482020912983,False
claimsx,0.002406109191014774,0.057940008405869804,0.057940008405869804,False
payems,0.0018064415785113165,0.0025712807512519443,0.0025712807512519443,False
usgood,0.00022428261502250736,0.005603227796952582,0.005603227796952582,False
ces1021000001,0.00047604666659905454,0.028223271699765407,0.028223271699765407,False
uscons,0.0016802075905519324,0.0105913098406987,0.0105913098406987,False
manemp,-0.00011965018869586775,0.005611489144259014,0.005611489144259014,False
dmanemp,-0.00012914692425086571,0.0075821689948943555,0.0075821689948943555,False
ndmanemp,-0.00010458256111385081,0.003773575087782676,0.003773575087782676,False
srvprd,0.0024300351432887594,0.0018574958694520269,0.0018574958694520269,False
ustpu,0.002068416077391638,0.0023720924662381654,0.0023720924662381654,False
uswtrade,0.001913832487729208,0.002522612767400764,0.002522612767400764,False
ustrade,0.0025669498837826766,0.00277945190271978,0.00277945190271978,False
usfire,0.003061379881448789,0.0015961166344691182,0.0015961166344691182,False
usgovt,0.001738857578677359,0.0026999510781340014,0.0026999510781340014,False
ces0600000007,39.807916666666664,0.4723829587550997,0.4723829587550997,False
awotman,-0.0016666666666666644,0.15967849643024015,0.15967849643024015,False
awhman,40.18750000000001,0.5503881206324621,0.5503881206324621,False
houst,7.35547515389952,0.25214228831213253,0.25214228831213253,False
houstne,5.264935679558241,0.3302804788410117,0.3302804788410117,False
houstmw,5.71110555271855,0.36201751835729734,0.36201751835729734,False
housts,6.530016254498698,0.2636454316250162,0.2636454316250162,False
houstw,5.884709793932998,0.3418961552180322,0.3418961552180322,False
permit,7.254672371602518,0.2777466565762519,0.2777466565762519,False
permitne,5.245020060899494,0.3504214881557012,0.3504214881557012,False
permitmw,5.591920688456354,0.3798457993247676,0.3798457993247676,False
permits,6.333955543467566,0.33289301076804606,0.33289301076804606,False
permitw,5.903244967623819,0.3397893542309328,0.3397893542309328,False
amdmnox,0.005808764490381871,0.03363354699824462,0.03363354699824462,False
amdmuox,0.0058309983624610295,0.010857885590944008,0.010857885590944008,False
businvx,0.006640833549065265,0.0067315939064920075,0.0067315939064920075,False
isratiox,-9.97465998686664e-19,0.020918935396932715,0.020918935396932715,False
m1sl,5.7623020940127664e-05,0.004936201452389215,0.004936201452389215,False
m2sl,7.50472743317669e-06,0.0027337591083264326,0.0027337591083264326,False
m2real,0.0021754777167895447,0.005345566278720955,0.005345566278720955,False
ambsl,3.4945182581558086e-05,0.004922552300647501,0.004922552300647501,False
totresns,0.00015534027662203736,0.031158218900372642,0.031158218900372642,False
nonborres,0.00014396270815218032,0.03573135615022509,0.03573135615022509,False
busloans,3.12522303184808e-05,0.0059724669819936635,0.0059724669819936635,False
realln,2.6780988412648984e-05,0.002655894783423605,0.002655894783423605,False
nonrevsl,-2.8662355918538783e-05,0.009016885717160663,0.009016885717160663,False
conspi,-9.561573333333335e-05,0.0010414290113785285,0.0010414290113785285,False
s&p_500,0.004613919167804862,0.03592656943270267,0.03592656943270267,False
s&p:_indust,0.004805122977231753,0.03637806624716311,0.03637806624716311,False
s&p_div_yield,-0.0007519636666666686,0.1618269126635861,0.1618269126635861,False
s&p_pe_ratio,0.00046623798003298406,0.039693043508456954,0.039693043508456954,False
fedfunds,0.001166666666666664,0.8409777873932752,0.8409777873932752,False
cp3mx,-0.0010000000000000091,0.8098018276096935,0.8098018276096935,False
tb3ms,0.0001249999999999918,0.6863875734901287,0.6863875734901287,False
tb6ms,-0.000541666666666668,0.6378055789950587,0.6378055789950587,False
gs1,0.001083333333333338,0.658725784922848,0.658725784922848,False
gs5,0.005833333333333326,0.45069591251258934,0.45069591251258934,False
gs10,0.008708333333333328,0.3753026533309113,0.3753026533309113,False
aaa,0.013874999999999993,0.29882754398091665,0.29882754398091665,False
baa,0.016416666666666666,0.2601147049326935,0.2601147049326935,False
compapffx,-0.07295833333333332,0.5787774456535277,0.5787774456535277,False
tb3smffm,-0.9168333333333333,0.9670328185859166,0.9670328185859166,False
tb6smffm,-0.7369166666666666,1.0816952711934273,1.0816952711934273,False
t1yffm,-0.1575,1.155122468254629,1.155122468254629,False
t5yffm,0.26908333333333334,1.859429121994765,1.859429121994765,False
t10yffm,0.3605833333333333,2.0770063777118155,2.0770063777118155,False
aaaffm,1.029,2.224997528088515,2.224997528088515,False
baaffm,2.260166666666667,2.337720928359262,2.337720928359262,False
exszusx,-0.003922150226381557,0.02740443173003041,0.02740443173003041,False
exjpusx,-0.0033354009909720684,0.02410363037907695,0.02410363037907695,False
exusukx,-0.002804610123652081,0.022150859810007063,0.022150859810007063,False
excausx,0.0010314580051801205,0.008712664321190056,0.008712664321190056,False
wpsfd49207,-4.027710962894743e-06,0.006310926720422535,0.006310926720422535,False
wpsfd49502,7.580598345204691e-06,0.00768953816502895,0.00768953816502895,False
wpsid61,-1.2960093393304696e-05,0.007305280541518696,0.007305280541518696,False
wpsid62,8.621309509821452e-05,0.031478707396226636,0.031478707396226636,False
oilpricex,9.842213268120377e-05,0.10080814108426825,0.10080814108426825,False
ppicmm,-3.242558517522985e-05,0.02549039603261243,0.02549039603261243,False
cpiaucsl,3.7517161117577003e-06,0.0028710903015407236,0.0028710903015407236,False
cpiappsl,3.3175288648096056e-06,0.003487530186254167,0.003487530186254167,False
cpitrnsl,-3.033722864658409e-07,0.00651959593228121,0.00651959593228121,False
cpimedsl,-4.218897466722859e-06,0.00348595014896452,0.00348595014896452,False
cusr0000sac,8.005125741226905e-06,0.0041183339978725165,0.0041183339978725165,False
cusr0000sad,1.6118472297617833e-18,0.0034603084083668113,0.0034603084083668113,False
cusr0000sas,-1.897691293322936e-05,0.0034819053399606083,0.0034819053399606083,False
cpiulfsl,-5.153777335383906e-06,0.0027649893742226427,0.0027649893742226427,False
cusr0000sa0l2,1.1547351501597289e-05,0.0033475661935007573,0.0033475661935007573,False
cusr0000sa0l5,7.631259764450051e-06,0.0030215463852266374,0.0030215463852266374,False
pcepi,1.2843340779729969e-06,0.0018308642060914486,0.0018308642060914486,False
ddurrg3m086sbea,7.940722868010308e-06,0.00291321297853995,0.00291321297853995,False
dndgrg3m086sbea,2.1145325268532424e-06,0.004252954966501407,0.004252954966501407,False
dserrg3m086sbea,-2.7414664757317644e-06,0.0017457320582658965,0.0017457320582658965,False
ces0600000008,-2.7838070338597587e-06,0.004875771140737513,0.004875771140737513,False
ces2000000008,7.014909827225184e-06,0.009520200859720785,0.009520200859720785,False
ces3000000008,-7.0994953961100366e-06,0.00551567788079671,0.00551567788079671,False
mzmsl,3.5745696175097595e-05,0.007453525006233954,0.007453525006233954,False
dtcolnvhfnm,-0.00011095725496146136,0.022303656309549922,0.022303656309549922,False
dtcthfnm,-6.471876159164146e-05,0.014147741012210753,0.014147741012210753,False
invest,-1.3903756664506317e-05,0.01057496129793661,0.01057496129793661,False
vxoclsx,18.680138333333336,4.745568299813756,4.745568299813756,False
a2me,0.0009611552182234033,0.07868881369015426,0.07868881369015426,False
ac,-6.234461666666706e-05,0.004265435104292384,0.004265435104292384,False
at,0.0,0.03739432599698843,0.03739432599698843,False
ato,-0.0002964113481459826,0.022632020418537284,0.022632020418537284,False
beme,0.0005815529998539195,0.07342840021033431,0.07342840021033431,False
beta,1.0177688124708333,0.20961844171647154,0.20961844171647154,False
c,-0.0004916274029009073,0.03687771365761953,0.03687771365761953,False
cf,-0.0003820312958333316,0.0026745664321947264,0.0026745664321947264,False
cf2p,-0.0005419998988500772,0.07627990578030934,0.07627990578030934,False
cto,-0.001088324427463254,0.019454954401118513,0.019454954401118513,False
d2a,0.0005055115587397951,0.009910030650401759,0.009910030650401759,False
d2p,-3.0291474999997497e-05,0.000316506286996606,0.000316506286996606,False
dpi2a,-0.0018363889413297626,0.1115987182255118,0.1115987182255118,False
e2p,-0.0015412329983665281,0.08185047557113932,0.08185047557113932,False
fc2y,0.0021837994320564233,0.0114059775338332,0.0114059775338332,False
idiovol,0.0006676044193134093,0.17059026479504902,0.17059026479504902,False
investment,-0.001121094411036636,0.11667775157659128,0.11667775157659128,False
lev,-0.0018476523152868604,0.02774360743402713,0.02774360743402713,False
lme,-0.00018291150988035849,0.11252341479189307,0.11252341479189307,False
lt_rev,0.0015287569666666613,0.11311901541584221,0.11311901541584221,False
lturnover,0.00382825494338535,0.20355296349215182,0.20355296349215182,False
mktbeta,1.1409317306625,0.11759418233009956,0.11759418233009956,False
ni,0.00533658452499998,0.005193329970061242,0.005193329970061242,False
noa,0.00018034453088521026,0.018598096384439954,0.018598096384439954,False
oa,-6.442186666666751e-05,0.0025685319178035716,0.0025685319178035716,False
ol,-0.0007727563445891328,0.011039343104470807,0.011039343104470807,False
op,-0.0012904175767777207,0.020010292277595362,0.020010292277595362,False
pcm,0.0003069049567299688,0.005687356156826972,0.005687356156826972,False
pm,-0.0023205655514256865,0.02523065149657591,0.02523065149657591,False
prof,0.00017404319091829455,0.013942626568341368,0.013942626568341368,False
q,-0.0010651812705829438,0.034746517000208484,0.034746517000208484,False
r2_1,7.801458333333404e-05,0.06666843034126042,0.06666843034126042,False
r12_2,0.0009626890166666636,0.08393959620907664,0.08393959620907664,False
r12_7,0.000810695625000001,0.07898874453350395,0.07898874453350395,False
r36_13,-0.0014762826541666685,0.09232581445744102,0.09232581445744102,False
rel2high,0.00036244339747748994,0.058846500683375144,0.058846500683375144,False
resid_var,0.001074653061445699,0.10615211499111818,0.10615211499111818,False
rna,-0.0017939920683163718,0.04294799652693133,0.04294799652693133,False
roa,-0.0033531286888295164,0.041759813258427765,0.041759813258427765,False
roe,-0.001820102277388945,0.03282229298042409,0.03282229298042409,False
s2p,0.00017772439984202655,0.08748515258570366,0.08748515258570366,False
sga2s,0.0018879290259424491,0.009774653767128043,0.009774653767128043,False
spread,0.0019376061459316877,0.08822118507495653,0.08822118507495653,False
st_rev,-6.326874999999915e-05,0.06665310229932772,0.06665310229932772,False
suv,-0.0076940672208333305,0.2042364502211436,0.2042364502211436,False
variance,0.000537426053837578,0.13792664208238672,0.13792664208238672,False
dp,-0.00031460787083332787,0.0441543771736896,0.0441543771736896,False
ep,-0.0006701911416666701,0.04718980675579624,0.04718980675579624,False
b/m,-0.0006183182610887151,0.044409585306235254,0.044409585306235254,False
ntis,-8.197847916666538e-05,0.003976333270909578,0.003976333270909578,False
tbl,1.2499999999996888e-06,0.0068638757349012616,0.0068638757349012616,False
tms,0.012907916666666665,0.01563372888958535,0.01563372888958535,False
dfy,2.5416666666666673e-05,0.0014127912064616874,0.0014127912064616874,False
svar,0.0033512182368978867,0.5662152343222179,0.5662152343222179,False
