feature,train_mean_raw,train_std_raw,train_mean_standardized,train_std_standardized,full_standardized_min,full_standardized_max
rpi,0.002826233220602776,0.004251862589626497,4.070817756958907e-17,1.0,-12.537103266072815,8.849504341978122
w875rx1,0.0025842732269300023,0.003959827676597294,1.2027416100105863e-17,0.9999999999999998,-15.875061479119179,9.477761307330887
dpcera3m086sbea,0.0028623366305309743,0.006094153762555216,-7.401486830834377e-17,0.9999999999999999,-4.635885718959081,3.4490052583508777
cmrmtsplx,0.002335265146689203,0.011041480268918186,9.25185853854297e-18,1.0,-3.1167996271743013,2.997789743588343
retailx,0.006513129442888969,0.013621402571520577,8.141635513917814e-17,0.9999999999999999,-5.37623102595067,4.272432321908711
indpro,0.0019457649330381673,0.008715085354957195,2.2204460492503132e-17,1.0,-5.305990454956088,2.5024527857109384
ipfpnss,0.002301087377138448,0.008271824318417765,5.921189464667501e-17,1.0,-4.206883758294352,3.174980694527156
ipfinal,0.002277978548199745,0.00876533928881219,5.736152293896643e-17,1.0,-4.064042077365057,3.1114157161910416
ipcongd,0.0019073307320892235,0.009636270875939486,-2.960594732333751e-17,0.9999999999999999,-3.5546332758591936,4.179498242880164
ipdcongd,0.0020994897350462356,0.02124201247369571,-1.295260195396016e-17,1.0,-5.382770158834809,5.167118288802888
ipncongd,0.001830371403588227,0.007851844439188817,1.4802973661668754e-17,1.0,-3.3780650857416314,2.9125888049817905
ipbuseq,0.003395452453169658,0.01252166246765516,-1.1102230246251566e-17,0.9999999999999999,-6.870362025277452,3.945264632549072
ipmat,0.0015802374754038664,0.010819183169242661,-1.4802973661668754e-17,1.0,-6.3315381610595916,2.6879988065376343
ipdmat,0.0015151517231241718,0.01666533244729013,1.4802973661668754e-17,1.0,-3.7371331045107725,3.119126749270691
ipnmat,0.002401179985397197,0.011022375525019584,1.4802973661668754e-17,1.0,-7.587373868795057,3.849655337491272
ipmansics,0.002112834104481016,0.009838491813793253,3.515706244646329e-17,1.0,-4.849775098861854,2.5535090324988214
ipb51222s,0.0028127076540150125,0.026863883270592658,-1.4802973661668754e-17,1.0,-4.695024809307674,4.451753378145937
ipfuels,0.0014264921908574784,0.021613060071035643,2.960594732333751e-17,0.9999999999999999,-4.656394183635368,6.834933431761372
cumfns,-0.047084166666666684,0.7819332751260207,3.7007434154171884e-18,1.0,-4.749530364639874,2.3895698342873852
hwi,5.516666666666667,107.23105763827111,-1.1102230246251566e-17,1.0,-6.8311987478264795,8.16445675922225
hwiuratio,-0.002534938495833335,0.035370008879375324,-7.401486830834377e-18,0.9999999999999998,-4.772735542133341,3.1307945065403944
clf16ov,0.0018221479452481982,0.00285589450895524,-4.4408920985006264e-17,1.0,-4.734850883865764,4.544116038327134
ce16ov,0.0016787027534258367,0.0031083825362481026,-2.2204460492503132e-17,1.0,-3.8520313623412843,4.292542704102773
unrate,0.013750000000000005,0.20294318786300758,0.0,0.9999999999999999,-3.5169941278433097,4.366985703399138
uempmean,0.022083333333333337,0.4651745117575648,-3.7007434154171884e-18,0.9999999999999999,-4.991854185131139,5.326853909738897
uemplt5,0.003341959951322916,0.050685624185594844,1.850371707708594e-17,1.0,-4.025059544821688,5.334939051727106
uemp5to14,0.005085777520785797,0.05718953154129274,-1.4802973661668754e-17,1.0,-2.7272394789609566,3.5326471898185217
uemp15ov,0.006488486521068208,0.054804723430188426,7.401486830834377e-18,1.0,-3.453381399994889,4.173938157550916
uemp15t26,0.005700575437846715,0.07580509426933782,-2.960594732333751e-17,0.9999999999999999,-4.864481119878078,3.7259397154849014
uemp27ov,0.007342329164382348,0.08354482020912983,1.4802973661668754e-17,1.0,-2.610136211128082,3.2760283627831677
claimsx,0.002406109191014774,0.057940008405869804,-3.3306690738754695e-17,0.9999999999999999,-3.909573757877863,3.40723957410784
payems,0.0018064415785113165,0.0025712807512519443,-5.551115123125783e-17,0.9999999999999999,-3.7157134872152136,4.0790610415951765
usgood,0.00022428261502250736,0.005603227796952582,1.1102230246251566e-17,1.0,-4.236582625498565,2.6815692536167197
ces1021000001,0.00047604666659905454,0.028223271699765407,-2.590520390792032e-17,1.0,-6.76284286402294,7.189799416092866
uscons,0.0016802075905519324,0.0105913098406987,7.401486830834377e-18,0.9999999999999999,-4.01881228134845,5.158008527953127
manemp,-0.00011965018869586775,0.005611489144259014,-7.401486830834377e-18,1.0,-5.284609139090788,2.97998161340663
dmanemp,-0.00012914692425086571,0.0075821689948943555,-3.7007434154171884e-18,0.9999999999999999,-6.13904447427272,3.796625040742482
ndmanemp,-0.00010458256111385081,0.003773575087782676,1.4802973661668754e-17,1.0,-4.3785743002362425,3.055877264905737
srvprd,0.0024300351432887594,0.0018574958694520269,-3.700743415417188e-17,1.0,-4.563793404662426,6.098746790809171
ustpu,0.002068416077391638,0.0023720924662381654,-5.181040781584064e-17,1.0,-4.029081062624921,2.6775190566296283
uswtrade,0.001913832487729208,0.002522612767400764,-2.2204460492503132e-17,1.0,-3.9509104061491596,2.4024619058316894
ustrade,0.0025669498837826766,0.00277945190271978,-2.7755575615628914e-17,1.0,-3.813559743345309,4.1434065067851575
usfire,0.003061379881448789,0.0015961166344691182,-3.3306690738754696e-16,1.0,-6.439361062467298,2.3936818390230448
usgovt,0.001738857578677359,0.0026999510781340014,-5.921189464667501e-17,1.0,-5.226003270806068,6.297946312392408
ces0600000007,39.807916666666664,0.4723829587550997,6.757557476551786e-15,1.0,-5.5207678819309365,3.793708685123034
awotman,-0.0016666666666666644,0.15967849643024015,1.295260195396016e-17,0.9999999999999999,-5.625887977507317,5.020504855623413
awhman,40.18750000000001,0.5503881206324621,-1.247890679678676e-14,0.9999999999999999,-5.246297824673115,3.656510605075181
houst,7.35547515389952,0.25214228831213253,1.7495264496384758e-15,0.9999999999999999,-4.703155624335636,1.8488289904126762
houstne,5.264935679558241,0.3302804788410117,-1.6875389974302379e-15,1.0,-5.090875328152594,2.1616478450322143
houstmw,5.71110555271855,0.36201751835729734,4.736951571734001e-16,0.9999999999999999,-4.512400715372458,1.848023784089147
housts,6.530016254498698,0.2636454316250162,-4.840572387365683e-15,0.9999999999999999,-4.141687336834148,2.0829799201377917
houstw,5.884709793932998,0.3418961552180322,-7.105427357601002e-16,1.0,-4.431936183955249,1.7097019487978857
permit,7.254672371602518,0.2777466565762519,-4.144832625267251e-15,1.0,-3.652236678331566,1.9313900862753952
permitne,5.245020060899494,0.3504214881557012,2.0724163126336256e-16,1.0,-3.380434963014417,2.3098448945865773
permitmw,5.591920688456354,0.3798457993247676,-1.0362081563168128e-15,0.9999999999999999,-3.2858472275364914,1.6759177441647723
permits,6.333955543467566,0.33289301076804606,1.5099033134902129e-15,1.0,-2.8937751294848475,2.0208885786377406
permitw,5.903244967623819,0.3397893542309328,1.5395092608135505e-15,1.0,-3.90987525823872,2.1447311420961186
amdmnox,0.005808764490381871,0.03363354699824462,4.810966440042345e-17,1.0,-6.422380776242241,6.092292907504208
amdmuox,0.0058309983624610295,0.010857885590944008,7.401486830834377e-18,0.9999999999999999,-2.921047110343409,4.344405869363532
businvx,0.006640833549065265,0.0067315939064920075,4.070817756958907e-17,1.0,-4.017126865556647,9.126625599748897
isratiox,-9.97465998686664e-19,0.020918935396932715,-9.25185853854297e-18,1.0,-2.963188796361446,5.432512785362063
m1sl,5.7623020940127664e-05,0.004936201452389215,-7.401486830834377e-18,1.0,-16.394689205160255,9.097489118372492
m2sl,7.50472743317669e-06,0.0027337591083264326,4.070817756958907e-17,1.0,-8.590161944947335,5.838133667840994
m2real,0.0021754777167895447,0.005345566278720955,3.7007434154171884e-18,1.0,-3.2455808941925586,5.221161454656036
ambsl,3.4945182581558086e-05,0.004922552300647501,-1.6653345369377347e-17,0.9999999999999999,-28.40674063274045,26.90208998519461
totresns,0.00015534027662203736,0.031158218900372642,2.0354088784794535e-17,1.0,-20.13013658062688,26.108694356604133
nonborres,0.00014396270815218032,0.03573135615022509,-7.401486830834377e-18,0.9999999999999999,-507.5027446467275,595.2155880880282
busloans,3.12522303184808e-05,0.0059724669819936635,-5.551115123125783e-18,1.0,-7.143218722659761,4.077914564447475
realln,2.6780988412648984e-05,0.002655894783423605,-2.960594732333751e-17,1.0,-15.875409146319125,14.030773942789153
nonrevsl,-2.8662355918538783e-05,0.009016885717160663,-1.1102230246251566e-17,1.0,-9.454654171775974,9.44962998034031
conspi,-9.561573333333335e-05,0.0010414290113785285,7.401486830834377e-18,0.9999999999999999,-8.692472715623548,8.526700942946684
s&p_500,0.004613919167804862,0.03592656943270267,-1.4802973661668754e-17,1.0,-6.475951868266208,3.031422712633047
s&p:_indust,0.004805122977231753,0.03637806624716311,1.4802973661668754e-17,1.0,-6.2831467109091,3.0080878998466187
s&p_div_yield,-0.0007519636666666686,0.1618269126635861,5.551115123125783e-18,1.0,-3.923909310767065,3.65918641664794
s&p_pe_ratio,0.00046623798003298406,0.039693043508456954,0.0,1.0,-5.603918644835085,5.913886981507776
fedfunds,0.001166666666666664,0.8409777873932752,-6.47630097698008e-18,0.9999999999999999,-7.885067555970612,3.637234394519031
cp3mx,-0.0010000000000000091,0.8098018276096935,9.25185853854297e-18,1.0,-7.766097563107942,3.7428910341517208
tb3ms,0.0001249999999999918,0.6863875734901287,0.0,0.9999999999999999,-6.7310731989329105,3.8023342799307467
tb6ms,-0.000541666666666668,0.6378055789950587,7.401486830834377e-18,1.0,-6.631265816140031,3.4031399820720014
gs1,0.001083333333333338,0.658725784922848,-1.1102230246251566e-17,1.0,-5.937346651446796,2.882711911587117
gs5,0.005833333333333326,0.45069591251258934,-1.8503717077085942e-18,1.0,-4.517088522023074,4.1140081708969864
gs10,0.008708333333333328,0.3753026533309113,2.590520390792032e-17,1.0,-4.712752008640424,4.266667588024691
aaa,0.013874999999999993,0.29882754398091665,7.401486830834377e-18,1.0,-3.995197310446862,4.27043967567292
baa,0.016416666666666666,0.2601147049326935,-1.1102230246251566e-17,1.0,-3.984460113221382,5.9726855263155345
compapffx,-0.07295833333333332,0.5787774456535277,-2.960594732333751e-17,0.9999999999999999,-4.6771720062622775,3.9617271725995384
tb3smffm,-0.9168333333333333,0.9670328185859166,-4.4408920985006264e-17,0.9999999999999999,-4.604979873566744,1.6512710868162348
tb6smffm,-0.7369166666666666,1.0816952711934273,-7.401486830834377e-17,0.9999999999999999,-3.9503577829446073,1.781385865300781
t1yffm,-0.1575,1.155122468254629,0.0,1.0,-4.192196180996235,1.5993975104575204
t5yffm,0.26908333333333334,1.859429121994765,-1.6653345369377347e-17,0.9999999999999999,-3.5382275428037833,1.5547334568823676
t10yffm,0.3605833333333333,2.0770063777118155,3.7007434154171884e-18,0.9999999999999999,-3.307925968384593,1.6800221242030404
aaaffm,1.029,2.224997528088515,2.960594732333751e-17,0.9999999999999999,-3.280453082691978,2.1128113360371272
baaffm,2.260166666666667,2.337720928359262,-1.7763568394002506e-16,0.9999999999999999,-2.6992814198294752,2.8060805948883627
exszusx,-0.003922150226381557,0.02740443173003041,-1.4802973661668754e-17,1.0,-3.048245114039938,4.407793977530875
exjpusx,-0.0033354009909720684,0.02410363037907695,-7.401486830834377e-18,1.0,-4.2272341002845515,3.4846533915735343
exusukx,-0.002804610123652081,0.022150859810007063,2.960594732333751e-17,1.0,-4.873671955473574,4.424648196698877
excausx,0.0010314580051801205,0.008712664321190056,4.4408920985006264e-17,1.0,-7.015679645567714,12.842084161715896
wpsfd49207,-4.027710962894743e-06,0.006310926720422535,-2.4054832200211726e-17,1.0,-5.825039148474937,5.837454135555969
wpsfd49502,7.580598345204691e-06,0.00768953816502895,0.0,0.9999999999999999,-6.117710379554986,6.13721364655633
wpsid61,-1.2960093393304696e-05,0.007305280541518696,1.1102230246251566e-17,0.9999999999999999,-6.066029782871424,6.077773676833979
wpsid62,8.621309509821452e-05,0.031478707396226636,7.401486830834377e-18,1.0,-10.04030081234844,7.816871060542232
oilpricex,9.842213268120377e-05,0.10080814108426825,6.938893903907228e-18,0.9999999999999999,-8.458498905724507,8.456546243337867
ppicmm,-3.242558517522985e-05,0.02549039603261243,1.4802973661668754e-17,1.0,-8.06919276672612,5.562223538643613
cpiaucsl,3.7517161117577003e-06,0.0028710903015407236,5.551115123125783e-18,1.0,-4.70443417529035,6.246389728993019
cpiappsl,3.3175288648096056e-06,0.003487530186254167,1.3415194880887308e-17,0.9999999999999999,-7.693583363250996,7.9563028478538484
cpitrnsl,-3.033722864658409e-07,0.00651959593228121,-3.608224830031759e-17,0.9999999999999999,-11.380599046716226,9.50542494942129
cpimedsl,-4.218897466722859e-06,0.00348595014896452,-9.25185853854297e-18,0.9999999999999999,-4.4298616833434385,3.638731307905925
cusr0000sac,8.005125741226905e-06,0.0041183339978725165,1.4802973661668754e-17,1.0,-8.436863478944451,6.17005200435255
cusr0000sad,1.6118472297617833e-18,0.0034603084083668113,-6.47630097698008e-18,1.0,-4.215466849070038,3.4944994312619015
cusr0000sas,-1.897691293322936e-05,0.0034819053399606083,6.47630097698008e-18,1.0,-6.953283814386313,4.139651933269931
cpiulfsl,-5.153777335383906e-06,0.0027649893742226427,-4.625929269271485e-18,1.0,-4.922119425071086,4.52635602694856
cusr0000sa0l2,1.1547351501597289e-05,0.0033475661935007573,1.2027416100105863e-17,1.0,-6.3226350756282095,5.784719552143077
cusr0000sa0l5,7.631259764450051e-06,0.0030215463852266374,7.401486830834377e-18,0.9999999999999999,-4.431593661272218,5.138410247020382
pcepi,1.2843340779729969e-06,0.0018308642060914486,1.4802973661668754e-17,1.0,-4.39421388048346,4.276027161837305
ddurrg3m086sbea,7.940722868010308e-06,0.00291321297853995,1.3877787807814457e-17,0.9999999999999999,-3.422235630730419,4.603131136190596
dndgrg3m086sbea,2.1145325268532424e-06,0.004252954966501407,-3.515706244646329e-17,0.9999999999999999,-8.78620658327817,6.505865270718683
dserrg3m086sbea,-2.7414664757317644e-06,0.0017457320582658965,1.6653345369377347e-17,1.0,-5.376205803136975,9.176254763835638
ces0600000008,-2.7838070338597587e-06,0.004875771140737513,-5.551115123125783e-18,1.0,-6.051641620096976,3.9594374154957
ces2000000008,7.014909827225184e-06,0.009520200859720785,5.551115123125783e-18,1.0,-5.704966224128126,3.3893869497738347
ces3000000008,-7.0994953961100366e-06,0.00551567788079671,-7.401486830834377e-18,1.0,-4.869831345510018,3.610471728008219
mzmsl,3.5745696175097595e-05,0.007453525006233954,1.1102230246251566e-17,0.9999999999999999,-4.632258249162432,7.990628584071494
dtcolnvhfnm,-0.00011095725496146136,0.022303656309549922,1.6653345369377347e-17,1.0,-7.881788196238818,8.403053871978585
dtcthfnm,-6.471876159164146e-05,0.014147741012210753,1.6653345369377347e-17,1.0,-18.341979441999904,18.24424627019412
invest,-1.3903756664506317e-05,0.01057496129793661,3.700743415417188e-17,1.0,-7.639375776475778,4.671631769039476
vxoclsx,18.680138333333336,4.745568299813756,-4.440892098500626e-16,1.0,-1.7968424000278296,10.213921411386908
a2me,0.0009611552182234033,0.07868881369015426,-1.4802973661668754e-17,1.0,-6.190869525452274,9.067339040948267
ac,-6.234461666666706e-05,0.004265435104292384,2.2204460492503132e-17,1.0,-6.883932275463492,6.797948839378018
at,0.0,0.03739432599698843,0.0,1.0,-7.221874293078687,7.221874293078687
ato,-0.0002964113481459826,0.022632020418537284,-1.8503717077085942e-18,0.9999999999999999,-6.395716686352669,6.037014063321626
beme,0.0005815529998539195,0.07342840021033431,0.0,1.0,-5.01360820687258,7.814638243184725
beta,1.0177688124708333,0.20961844171647154,2.3684757858670006e-16,1.0,-2.8397853957715857,2.9676217103577742
c,-0.0004916274029009073,0.03687771365761953,-3.3306690738754695e-17,1.0,-4.9465830334820975,8.13947576242321
cf,-0.0003820312958333316,0.0026745664321947264,-2.2204460492503132e-17,1.0,-12.572267900847757,12.092469981870547
cf2p,-0.0005419998988500772,0.07627990578030934,-2.960594732333751e-17,0.9999999999999999,-5.093875300740396,8.549544323554217
cto,-0.001088324427463254,0.019454954401118513,2.4054832200211726e-17,0.9999999999999999,-10.927076639723847,4.941636879757861
d2a,0.0005055115587397951,0.009910030650401759,-4.4408920985006264e-17,0.9999999999999999,-14.68245105283103,12.44437328515239
d2p,-3.0291474999997497e-05,0.000316506286996606,5.3660779523549233e-17,1.0,-6.727485716651295,8.855784514100518
dpi2a,-0.0018363889413297626,0.1115987182255118,1.4802973661668754e-17,0.9999999999999999,-10.903535827929192,9.435404095490478
e2p,-0.0015412329983665281,0.08185047557113932,7.401486830834377e-18,1.0,-6.879913112160218,8.13318323596867
fc2y,0.0021837994320564233,0.0114059775338332,9.25185853854297e-18,1.0,-5.594225644252119,6.362522791462598
idiovol,0.0006676044193134093,0.17059026479504902,7.401486830834377e-18,1.0,-4.39775963729923,6.96632383706928
investment,-0.001121094411036636,0.11667775157659128,0.0,0.9999999999999999,-22.86702904402304,12.42949826433765
lev,-0.0018476523152868604,0.02774360743402713,1.1102230246251566e-17,1.0000000000000002,-13.116101659633642,5.132014026403302
lme,-0.00018291150988035849,0.11252341479189307,9.251858538542971e-19,1.0,-7.211736852287272,6.709776246814013
lt_rev,0.0015287569666666613,0.11311901541584221,5.181040781584064e-17,1.0,-5.378774600627005,3.500314412901799
lturnover,0.00382825494338535,0.20355296349215182,-9.251858538542971e-19,0.9999999999999999,-2.9136631678514564,2.8975907422924214
mktbeta,1.1409317306625,0.11759418233009956,1.7763568394002506e-16,1.0,-3.811509487810564,1.7278796392080658
ni,0.00533658452499998,0.005193329970061242,1.6653345369377347e-17,1.0,-1.027584335246283,2.444570159837217
noa,0.00018034453088521026,0.018598096384439954,-7.401486830834377e-18,1.0,-9.846208182020563,13.086548931194425
oa,-6.442186666666751e-05,0.0025685319178035716,3.700743415417188e-17,0.9999999999999999,-7.048145287917652,7.0451138805161335
ol,-0.0007727563445891328,0.011039343104470807,2.2204460492503132e-17,0.9999999999999999,-12.972453990650571,9.16937765759191
op,-0.0012904175767777207,0.020010292277595362,-1.4802973661668754e-17,0.9999999999999999,-8.275708471078797,8.898734991772736
pcm,0.0003069049567299688,0.005687356156826972,-2.2204460492503132e-17,1.0,-12.492125579399573,12.462126201511971
pm,-0.0023205655514256865,0.02523065149657591,0.0,1.0,-10.02704587962473,14.019761338456414
prof,0.00017404319091829455,0.013942626568341368,2.2204460492503132e-17,0.9999999999999999,-8.486683126069371,6.32090979408092
q,-0.0010651812705829438,0.034746517000208484,2.960594732333751e-17,1.0,-8.325511836646081,6.010990000215508
r2_1,7.801458333333404e-05,0.06666843034126042,3.7007434154171884e-18,1.0,-3.87828261832218,4.82996200403087
r12_2,0.0009626890166666636,0.08393959620907664,2.960594732333751e-17,1.0,-3.8934516101630607,3.591608103908577
r12_7,0.000810695625000001,0.07898874453350395,2.0354088784794535e-17,1.0,-4.313747770487382,3.66383258886014
r36_13,-0.0014762826541666685,0.09232581445744102,7.401486830834377e-18,1.0,-4.173883605689387,3.4145841388649525
rel2high,0.00036244339747748994,0.058846500683375144,3.14563190310461e-17,0.9999999999999999,-5.904142704460484,4.395407310434259
resid_var,0.001074653061445699,0.10615211499111818,1.6653345369377347e-17,0.9999999999999999,-3.4384706960319837,8.103587808622645
rna,-0.0017939920683163718,0.04294799652693133,-3.7007434154171884e-18,0.9999999999999999,-9.569937431694594,9.691280421903588
roa,-0.0033531286888295164,0.041759813258427765,-2.2204460492503132e-17,1.0000000000000002,-27.424630364977727,24.6689786477902
roe,-0.001820102277388945,0.03282229298042409,-1.3877787807814457e-17,0.9999999999999997,-21.844424832952402,20.49653289261179
s2p,0.00017772439984202655,0.08748515258570366,-1.4802973661668754e-17,1.0,-5.418899290176761,8.442475176719661
sga2s,0.0018879290259424491,0.009774653767128043,3.3306690738754695e-17,0.9999999999999999,-6.750412803608096,7.106306151990462
spread,0.0019376061459316877,0.08822118507495653,0.0,1.0,-4.527415399529468,8.349251202110791
st_rev,-6.326874999999915e-05,0.06665310229932772,1.1102230246251566e-17,1.0,-3.877054815685698,4.83319241921091
suv,-0.0076940672208333305,0.2042364502211436,-3.3306690738754695e-17,1.0,-2.1113164438192227,4.049430037220721
variance,0.000537426053837578,0.13792664208238672,3.7007434154171884e-18,1.0,-4.76286402219149,10.085772280455357
dp,-0.00031460787083332787,0.0441543771736896,1.295260195396016e-17,1.0,-3.392674853953753,5.695918297783059
ep,-0.0006701911416666701,0.04718980675579624,-2.2204460492503132e-17,1.0,-11.345689157596968,15.352579316351601
b/m,-0.0006183182610887151,0.044409585306235254,-2.960594732333751e-17,1.0,-8.928649114393002,13.499905158704015
ntis,-8.197847916666538e-05,0.003976333270909578,0.0,1.0,-6.449739942187188,7.510589390897609
tbl,1.2499999999996888e-06,0.0068638757349012616,-3.7007434154171884e-18,0.9999999999999999,-6.731073198932937,3.8023342799307596
tms,0.012907916666666665,0.01563372888958535,1.4802973661668754e-17,0.9999999999999999,-3.16034114545638,2.0847287018674767
dfy,2.5416666666666673e-05,0.0014127912064616874,1.4802973661668754e-17,1.0,-4.477248044676446,6.635505154942056
svar,0.0033512182368978867,0.5662152343222179,-1.850371707708594e-17,1.0,-5.260337151120185,5.878382609205901
