date,split,model,factor_return
1967-01-01,training,EN,0.0187666462047226
1967-02-01,training,EN,0.0083007114805216
1967-03-01,training,EN,0.0163336912908755
1967-04-01,training,EN,0.0058386004015264
1967-05-01,training,EN,0.0142044311318975
1967-06-01,training,EN,0.007392186850061
1967-07-01,training,EN,0.0074685796190947
1967-08-01,training,EN,0.0103555455027316
1967-09-01,training,EN,0.0155681408666609
1967-10-01,training,EN,0.003601444681132
1967-11-01,training,EN,0.0042760940644154
1967-12-01,training,EN,0.0169850991816492
1968-01-01,training,EN,0.025504728140289
1968-02-01,training,EN,0.0014278018224328
1968-03-01,training,EN,-0.0022523175005019
1968-04-01,training,EN,0.0120450112955412
1968-05-01,training,EN,0.013218188896391
1968-06-01,training,EN,0.0193545530622326
1968-07-01,training,EN,0.0136263324439144
1968-08-01,training,EN,0.0109794462861479
1968-09-01,training,EN,0.0115715736814599
1968-10-01,training,EN,0.0154305613504893
1968-11-01,training,EN,0.0066995973364728
1968-12-01,training,EN,0.0207334709406458
1969-01-01,training,EN,0.0071713145460182
1969-02-01,training,EN,0.01286444554472
1969-03-01,training,EN,0.0078306857020392
1969-04-01,training,EN,-0.0009914149045762
1969-05-01,training,EN,0.009822144476604
1969-06-01,training,EN,-0.0023670754725662
1969-07-01,training,EN,0.0047343338056358
1969-08-01,training,EN,0.0128887004760532
1969-09-01,training,EN,0.0112658948387914
1969-10-01,training,EN,0.0039107146289919
1969-11-01,training,EN,0.0187684602681687
1969-12-01,training,EN,-0.0034375714396091
1970-01-01,training,EN,0.0402745405318946
1970-02-01,training,EN,0.0071996870068151
1970-03-01,training,EN,0.0176262948603831
1970-04-01,training,EN,0.0121540927222211
1970-05-01,training,EN,0.0043948186620926
1970-06-01,training,EN,0.035745541554635
1970-07-01,training,EN,0.0256572545936705
1970-08-01,training,EN,-0.0004816028468061
1970-09-01,training,EN,-0.0211295500213151
1970-10-01,training,EN,0.0518821496756947
1970-11-01,training,EN,0.0123018606332094
1970-12-01,training,EN,0.0184417284968101
1971-01-01,training,EN,-0.0064262265623177
1971-02-01,training,EN,-0.0086038470066148
1971-03-01,training,EN,0.0041469230924591
1971-04-01,training,EN,0.006948788560052
1971-05-01,training,EN,0.0083571676892001
1971-06-01,training,EN,0.0157359183138115
1971-07-01,training,EN,0.0151855813428343
1971-08-01,training,EN,0.0159035462377909
1971-09-01,training,EN,0.0164722308579636
1971-10-01,training,EN,0.0104153827247212
1971-11-01,training,EN,0.0068070687710477
1971-12-01,training,EN,0.0087497608113505
1972-01-01,training,EN,-0.0035317705548801
1972-02-01,training,EN,0.0038148104313853
1972-03-01,training,EN,0.0220570174850131
1972-04-01,training,EN,0.006833399832118
1972-05-01,training,EN,0.0045289017875069
1972-06-01,training,EN,0.0070970642977842
1972-07-01,training,EN,0.0063400405153924
1972-08-01,training,EN,0.0053741955090385
1972-09-01,training,EN,0.0074601878342952
1972-10-01,training,EN,0.0134170029878089
1972-11-01,training,EN,0.012431381156244
1972-12-01,training,EN,0.0213697914702032
1973-01-01,training,EN,0.0142409397861607
1973-02-01,training,EN,-0.0008326138221729
1973-03-01,training,EN,0.0119876551952254
1973-04-01,training,EN,0.0197417150747676
1973-05-01,training,EN,0.0098776254020492
1973-06-01,training,EN,0.016040953130621
1973-07-01,training,EN,0.0080867875263262
1973-08-01,training,EN,0.0192352313889525
1973-09-01,training,EN,0.0052306932782982
1973-10-01,training,EN,0.0184648707528486
1973-11-01,training,EN,0.0124194747734292
1973-12-01,training,EN,0.0279450935076534
1974-01-01,training,EN,0.0442073037251979
1974-02-01,training,EN,0.0064834637625596
1974-03-01,training,EN,0.0149200394379724
1974-04-01,training,EN,0.0128360988325557
1974-05-01,training,EN,0.0146913957456768
1974-06-01,training,EN,0.0177135093677587
1974-07-01,training,EN,0.0231722922143732
1974-08-01,training,EN,0.0204153143971257
1974-09-01,training,EN,0.0269230535015702
1974-10-01,training,EN,0.035930376513012
1974-11-01,training,EN,0.0149227969919608
1974-12-01,training,EN,0.0084840949203327
1975-01-01,training,EN,0.0540911232722921
1975-02-01,training,EN,0.0029039842399961
1975-03-01,training,EN,0.0024598750101767
1975-04-01,training,EN,0.0192407597273016
1975-05-01,training,EN,0.0032244784032882
1975-06-01,training,EN,0.0013574001376129
1975-07-01,training,EN,0.0159081930165318
1975-08-01,training,EN,0.0136134875437807
1975-09-01,training,EN,0.0144012988257822
1975-10-01,training,EN,0.0018021838714543
1975-11-01,training,EN,-0.0063740386247738
1975-12-01,training,EN,0.0127049123496534
1976-01-01,training,EN,0.0321864181793959
1976-02-01,training,EN,-0.0245418705463144
1976-03-01,training,EN,0.0117308220633574
1976-04-01,training,EN,0.006698118116656
1976-05-01,training,EN,-0.0002315770251276
1976-06-01,training,EN,-0.0035472030583518
1976-07-01,training,EN,0.0157211112388886
1976-08-01,training,EN,0.0030443108349609
1976-09-01,training,EN,0.0085660494632067
1976-10-01,training,EN,0.0104765080156866
1976-11-01,training,EN,0.0142346621016091
1976-12-01,training,EN,0.0247207800514715
1977-01-01,training,EN,0.0325530689508806
1977-02-01,training,EN,0.01529813586638
1977-03-01,training,EN,0.0080837798327596
1977-04-01,training,EN,0.0114572427895453
1977-05-01,training,EN,0.0147532471878696
1977-06-01,training,EN,0.0042602915898844
1977-07-01,training,EN,0.0088299689757254
1977-08-01,training,EN,0.0023071560575546
1977-09-01,training,EN,0.0139704123777249
1977-10-01,training,EN,0.0102277173305398
1977-11-01,training,EN,0.0276769182157671
1977-12-01,training,EN,0.013444817311283
1978-01-01,training,EN,0.0126044724376112
1978-02-01,training,EN,0.0203621639473081
1978-03-01,training,EN,0.002550086748193
1978-04-01,training,EN,0.0044953198081487
1978-05-01,training,EN,0.0197628181836231
1978-06-01,training,EN,0.011848706982465
1978-07-01,training,EN,0.0123135767503794
1978-08-01,training,EN,0.0174350420745101
1978-09-01,training,EN,0.010667935130964
1978-10-01,training,EN,-0.0144156651715121
1978-11-01,training,EN,0.0455279322811365
1978-12-01,training,EN,0.0141744700487476
1979-01-01,training,EN,0.0296256230443104
1979-02-01,training,EN,0.0035847404802479
1979-03-01,training,EN,0.0061641231746757
1979-04-01,training,EN,0.0140778221508121
1979-05-01,training,EN,0.0052653582328056
1979-06-01,training,EN,-0.0010261108449042
1979-07-01,training,EN,0.0105027059729644
1979-08-01,training,EN,0.0065969631504978
1979-09-01,training,EN,0.0081170414332513
1979-10-01,training,EN,-0.0010897664347776
1979-11-01,training,EN,0.0134607299309337
1979-12-01,training,EN,0.0008706191920491
1980-01-01,training,EN,0.0060771565443043
1980-02-01,training,EN,0.0013147430947116
1980-03-01,training,EN,0.017264485620799
1980-04-01,training,EN,0.0332614828886469
1980-05-01,training,EN,0.0094545417703305
1980-06-01,training,EN,0.0182437945342891
1980-07-01,training,EN,0.0102828333429627
1980-08-01,training,EN,0.0113759394224572
1980-09-01,training,EN,0.0126686087432704
1980-10-01,training,EN,0.0144077841821043
1980-11-01,training,EN,-0.013659749127304
1980-12-01,training,EN,0.016450908064731
1981-01-01,training,EN,0.0062715407176378
1981-02-01,training,EN,-0.0037638391931285
1981-03-01,training,EN,0.0087209641876395
1981-04-01,training,EN,0.0080013639765947
1981-05-01,training,EN,-0.007303784640749
1981-06-01,training,EN,0.0166947124924302
1981-07-01,training,EN,0.002547318580504
1981-08-01,training,EN,0.0092039678299513
1981-09-01,training,EN,0.0205718141504901
1981-10-01,training,EN,0.0233981262898134
1981-11-01,training,EN,0.0150617871245074
1981-12-01,training,EN,0.0137844900827188
1982-01-01,training,EN,0.0167537143488173
1982-02-01,training,EN,0.0092698005278248
1982-03-01,training,EN,0.010364789511575
1982-04-01,training,EN,0.0084895041400056
1982-05-01,training,EN,0.0181164508225311
1982-06-01,training,EN,0.0186967161580911
1982-07-01,training,EN,0.0094087871131238
1982-08-01,training,EN,-0.0035004073145369
1982-09-01,training,EN,0.0334769128981917
1982-10-01,training,EN,0.0106014202240354
1982-11-01,training,EN,0.0060711801947983
1982-12-01,training,EN,0.0114271367846412
1983-01-01,training,EN,-0.0060828477204414
1983-02-01,training,EN,0.0251842714146287
1983-03-01,training,EN,0.0146349449698541
1983-04-01,training,EN,0.0098004057160501
1983-05-01,training,EN,-0.0001648657883281
1983-06-01,training,EN,0.016739002615999
1983-07-01,training,EN,0.012969962256114
1983-08-01,training,EN,-0.0011250439790329
1983-09-01,training,EN,0.0207840601077074
1983-10-01,training,EN,0.0077865437046445
1983-11-01,training,EN,0.0137693382420516
1983-12-01,training,EN,0.0169645661730674
1984-01-01,training,EN,0.012676500943153
1984-02-01,training,EN,0.0031772369372627
1984-03-01,training,EN,0.0147640884276451
1984-04-01,training,EN,0.0123729394907706
1984-05-01,training,EN,0.0208033448352835
1984-06-01,training,EN,0.0166920151351803
1984-07-01,training,EN,0.0156537611306423
1984-08-01,training,EN,0.0077192810063472
1984-09-01,training,EN,0.0229139019498148
1984-10-01,training,EN,0.0205284562469713
1984-11-01,training,EN,0.0188727948272672
1984-12-01,training,EN,0.0172801801400657
1985-01-01,training,EN,-0.0032554005004566
1985-02-01,training,EN,0.0095461772731038
1985-03-01,training,EN,0.0229165552326017
1985-04-01,training,EN,0.014509109012586
1985-05-01,training,EN,0.0090927814741462
1985-06-01,training,EN,0.0037922495149801
1985-07-01,training,EN,0.0052349926937153
1985-08-01,training,EN,0.0153486694495991
1985-09-01,training,EN,0.0131255885431567
1985-10-01,training,EN,0.0198101438162794
1985-11-01,training,EN,0.0114967979928849
1985-12-01,training,EN,0.0137352840590064
1986-01-01,training,EN,0.0077916452004488
1986-02-01,training,EN,0.0010645348241921
1986-03-01,training,EN,0.0063364429690258
1986-04-01,training,EN,0.0105498213371516
1986-05-01,training,EN,0.0064423107855196
1986-06-01,training,EN,0.0095320453622817
1986-07-01,training,EN,0.0144118377830628
1986-08-01,training,EN,0.0135837091292678
1986-09-01,training,EN,0.0035905849190275
1986-10-01,training,EN,0.0256078057840022
1986-11-01,training,EN,0.0108237393354663
1986-12-01,training,EN,0.0133560300583193
1987-01-01,validation,EN,0.0078332367380932
1987-02-01,validation,EN,-0.0016067876398143
1987-03-01,validation,EN,0.0028586389794923
1987-04-01,validation,EN,-0.0005602192554301
1987-05-01,validation,EN,0.0001001214566302
1987-06-01,validation,EN,0.0076201185347467
1987-07-01,validation,EN,-0.0003883169394039
1987-08-01,validation,EN,0.0207259081140112
1987-09-01,validation,EN,0.0083071117228034
1987-10-01,validation,EN,0.0169911326343952
1987-11-01,validation,EN,0.025723740941941
1987-12-01,validation,EN,0.0387885980082099
1988-01-01,validation,EN,0.0223746493516219
1988-02-01,validation,EN,0.0130119360598593
1988-03-01,validation,EN,0.0130748746678525
1988-04-01,validation,EN,0.0074043051418305
1988-05-01,validation,EN,0.0059094451451563
1988-06-01,validation,EN,0.0002802362804929
1988-07-01,validation,EN,0.0065343025849807
1988-08-01,validation,EN,0.0029955009998009
1988-09-01,validation,EN,0.0072719934907326
1988-10-01,validation,EN,0.0115982024926433
1988-11-01,validation,EN,0.0180075512764884
1988-12-01,validation,EN,0.011683993620263
1989-01-01,validation,EN,0.0035884452760775
1989-02-01,validation,EN,0.0150751342448181
1989-03-01,validation,EN,0.0083864465888444
1989-04-01,validation,EN,0.0071062949719969
1989-05-01,validation,EN,-0.0049873470882899
1989-06-01,validation,EN,0.012878795581132
1989-07-01,validation,EN,0.0146374764148305
1989-08-01,validation,EN,0.0082902436624955
1989-09-01,validation,EN,0.008128340502574
1989-10-01,validation,EN,0.006744696608491
1989-11-01,validation,EN,0.0018532892196236
1989-12-01,validation,EN,0.0094869729595053
1990-01-01,validation,EN,0.016581278351185
1990-02-01,validation,EN,0.0111200583952102
1990-03-01,validation,EN,0.0127063758981674
1990-04-01,validation,EN,0.0111039573860793
1990-05-01,validation,EN,0.0133064108005106
1990-06-01,validation,EN,0.0043705754498283
1990-07-01,validation,EN,0.0204314386941582
1990-08-01,validation,EN,0.0147170968203682
1990-09-01,validation,EN,0.005182146249788
1990-10-01,validation,EN,0.0267598091226724
1990-11-01,validation,EN,0.0166250257940683
1990-12-01,validation,EN,0.0181168433310129
1991-01-01,validation,EN,-0.0069607116335032
1991-02-01,validation,EN,-0.0089593279326834
1991-03-01,validation,EN,-0.0063268601959188
1991-04-01,validation,EN,0.0118847194873419
1991-05-01,validation,EN,0.0103824199821641
1991-06-01,validation,EN,0.0026578292938056
1991-07-01,validation,EN,0.0169376132010927
1991-08-01,validation,EN,-0.0019780526297756
1991-09-01,validation,EN,0.007268032161023
1991-10-01,validation,EN,0.0041333449405358
1991-11-01,validation,EN,0.0009413943032023
1991-12-01,validation,EN,0.0334997350690237
1992-01-01,test,EN,0.0196746376124091
1992-02-01,test,EN,-0.0237259835079851
1992-03-01,test,EN,0.0083138768428191
1992-04-01,test,EN,0.0079063098985153
1992-05-01,test,EN,0.0064179980550417
1992-06-01,test,EN,0.0078175153596326
1992-07-01,test,EN,0.0172690816780676
1992-08-01,test,EN,0.0185584352079152
1992-09-01,test,EN,0.0105815170661735
1992-10-01,test,EN,0.0064657554153974
1992-11-01,test,EN,0.0068968695886325
1992-12-01,test,EN,0.0163527833759838
1993-01-01,test,EN,0.0088390280545678
1993-02-01,test,EN,0.0042929333026594
1993-03-01,test,EN,0.0155112534911263
1993-04-01,test,EN,0.0016021679191707
1993-05-01,test,EN,-0.0004054410164193
1993-06-01,test,EN,0.0070698743214419
1993-07-01,test,EN,0.0060947191250563
1993-08-01,test,EN,-0.0008700823629544
1993-09-01,test,EN,0.0071715786322341
1993-10-01,test,EN,-0.0004160406298556
1993-11-01,test,EN,0.0016249374931022
1993-12-01,test,EN,0.0210212010535618
1994-01-01,test,EN,0.0038506846085995
1994-02-01,test,EN,-0.0047177742714148
1994-03-01,test,EN,0.0111669473871908
1994-04-01,test,EN,0.0155214170719864
1994-05-01,test,EN,0.0065244422240441
1994-06-01,test,EN,0.0107662069411099
1994-07-01,test,EN,0.0088032206430978
1994-08-01,test,EN,0.0105393860740895
1994-09-01,test,EN,0.0084663029282146
1994-10-01,test,EN,0.0100603550481124
1994-11-01,test,EN,0.0164039049465386
1994-12-01,test,EN,0.0262228175741017
1995-01-01,test,EN,0.0168218263136567
1995-02-01,test,EN,0.0106182607134076
1995-03-01,test,EN,0.008944799842241
1995-04-01,test,EN,0.0104121603450226
1995-05-01,test,EN,0.0033714809057331
1995-06-01,test,EN,0.0060681076955955
1995-07-01,test,EN,0.0075808460137995
1995-08-01,test,EN,0.0127043460588425
1995-09-01,test,EN,0.0112245528820118
1995-10-01,test,EN,0.0234756659243485
1995-11-01,test,EN,0.0125789999814374
1995-12-01,test,EN,0.006368449765122
1996-01-01,test,EN,0.0076429486882306
1996-02-01,test,EN,0.0079933186589848
1996-03-01,test,EN,-0.0038232518407569
1996-04-01,test,EN,0.0004097454249037
1996-05-01,test,EN,-0.0108608170902256
1996-06-01,test,EN,0.0167031755843776
1996-07-01,test,EN,0.0093112354844807
1996-08-01,test,EN,0.0159271692950901
1996-09-01,test,EN,0.0059373127551729
1996-10-01,test,EN,0.0156849558704741
1996-11-01,test,EN,0.0053863272188535
1996-12-01,test,EN,0.0140316358080955
1997-01-01,test,EN,0.0181293124332854
1997-02-01,test,EN,0.0187745321656209
1997-03-01,test,EN,0.0177575953218824
1997-04-01,test,EN,0.0125383367865942
1997-05-01,test,EN,0.0095996904395593
1997-06-01,test,EN,0.0105719949230917
1997-07-01,test,EN,-0.0002869891696928
1997-08-01,test,EN,-0.0022286319737905
1997-09-01,test,EN,0.0077951138681613
1997-10-01,test,EN,0.0106666467491848
1997-11-01,test,EN,0.0140940011208236
1997-12-01,test,EN,0.0130001350809566
1998-01-01,test,EN,0.0160034077291824
1998-02-01,test,EN,0.0127867947270522
1998-03-01,test,EN,0.007452417048488
1998-04-01,test,EN,0.0020046737450521
1998-05-01,test,EN,0.0167472756525437
1998-06-01,test,EN,0.0091390253647331
1998-07-01,test,EN,0.0068734071945224
1998-08-01,test,EN,0.023889189423272
1998-09-01,test,EN,0.0283161453560001
1998-10-01,test,EN,0.0129179942070769
1998-11-01,test,EN,0.0148596984919434
1998-12-01,test,EN,0.008768612203006
1999-01-01,test,EN,0.0068320080981928
1999-02-01,test,EN,0.0155387884848784
1999-03-01,test,EN,-0.003533834470671
1999-04-01,test,EN,-0.0182477845281551
1999-05-01,test,EN,0.0071352053570286
1999-06-01,test,EN,0.0072157823733054
1999-07-01,test,EN,0.0127595564627641
1999-08-01,test,EN,0.0041599038882057
1999-09-01,test,EN,0.0034583253299695
1999-10-01,test,EN,0.0278519818224695
1999-11-01,test,EN,0.0061269854363121
1999-12-01,test,EN,-0.0222898102514362
2000-01-01,test,EN,0.0026998421567578
2000-02-01,test,EN,-0.0749393421732933
2000-03-01,test,EN,0.044946928116754
2000-04-01,test,EN,0.0023427690287911
2000-05-01,test,EN,-0.0167292460710396
2000-06-01,test,EN,0.0445691103114911
2000-07-01,test,EN,0.0284485875212748
2000-08-01,test,EN,0.019374172907802
2000-09-01,test,EN,0.0177903796390229
2000-10-01,test,EN,0.0137922842157954
2000-11-01,test,EN,-0.0025630057943496
2000-12-01,test,EN,-0.0019158195071123
2001-01-01,test,EN,0.0556380842424203
2001-02-01,test,EN,0.0488955628905071
2001-03-01,test,EN,-0.0014116746127175
2001-04-01,test,EN,0.0192521093620466
2001-05-01,test,EN,0.0081390047122527
2001-06-01,test,EN,0.002204393407664
2001-07-01,test,EN,0.0205616359524899
2001-08-01,test,EN,0.0096635168601888
2001-09-01,test,EN,0.0238214322622358
2001-10-01,test,EN,0.0192683815113788
2001-11-01,test,EN,-0.0077033426127124
2001-12-01,test,EN,-0.0023124140736729
2002-01-01,test,EN,0.0200750563037681
2002-02-01,test,EN,0.0177139652872919
2002-03-01,test,EN,0.0014042738648038
2002-04-01,test,EN,0.0150369072262834
2002-05-01,test,EN,0.0055708655210472
2002-06-01,test,EN,0.0209880301324066
2002-07-01,test,EN,0.0336821028166949
2002-08-01,test,EN,0.018184608296355
2002-09-01,test,EN,0.0226937165387067
2002-10-01,test,EN,0.0204168064459564
2002-11-01,test,EN,-0.0530402057626919
2002-12-01,test,EN,0.0644576695309967
2003-01-01,test,EN,0.0100495220498547
2003-02-01,test,EN,0.0007354535967265
2003-03-01,test,EN,0.0002022582111544
2003-04-01,test,EN,-0.0197163221003806
2003-05-01,test,EN,-0.0356263354323775
2003-06-01,test,EN,-0.0093230113868799
2003-07-01,test,EN,-0.0111371038541666
2003-08-01,test,EN,-0.005718486819803
2003-09-01,test,EN,0.0123477987370239
2003-10-01,test,EN,-0.008404413063467
2003-11-01,test,EN,-0.0076649721679716
2003-12-01,test,EN,0.0015524545018574
2004-01-01,test,EN,0.0165989379388674
2004-02-01,test,EN,0.0039726008236245
2004-03-01,test,EN,0.0038351344792295
2004-04-01,test,EN,-0.0054462573412634
2004-05-01,test,EN,0.008419299069441
2004-06-01,test,EN,0.006645586592706
2004-07-01,test,EN,0.0027729142603756
2004-08-01,test,EN,0.0081157512654495
2004-09-01,test,EN,0.0139582738605567
2004-10-01,test,EN,0.0057386291505648
2004-11-01,test,EN,0.0016318960145346
2004-12-01,test,EN,-0.0036997487870381
2005-01-01,test,EN,0.0223899856653614
2005-02-01,test,EN,-0.0028384314712614
2005-03-01,test,EN,0.0044823708812288
2005-04-01,test,EN,0.0078033476717123
2005-05-01,test,EN,0.0091800539399218
2005-06-01,test,EN,0.0048950393785044
2005-07-01,test,EN,-0.0007015916634358
2005-08-01,test,EN,0.0064141382147892
2005-09-01,test,EN,-0.0019019930347381
2005-10-01,test,EN,0.0072234233893177
2005-11-01,test,EN,0.0073057952835952
2005-12-01,test,EN,-6.220177594603203e-05
2006-01-01,test,EN,-0.0048103257698584
2006-02-01,test,EN,0.008956987436139
2006-03-01,test,EN,-0.003177646265228
2006-04-01,test,EN,-0.0010348405160797
2006-05-01,test,EN,0.0033708556733581
2006-06-01,test,EN,0.0037334670040094
2006-07-01,test,EN,0.0115324526870741
2006-08-01,test,EN,0.0145341558910333
2006-09-01,test,EN,0.0064763844987615
2006-10-01,test,EN,0.0027061739479461
2006-11-01,test,EN,-0.0023834620937066
2006-12-01,test,EN,0.0104736141597094
2007-01-01,test,EN,0.0006286293908613
2007-02-01,test,EN,0.0045801525634191
2007-03-01,test,EN,0.0058386176197325
2007-04-01,test,EN,0.0033230678126456
2007-05-01,test,EN,0.0026408631236658
2007-06-01,test,EN,-0.0004839668241853
2007-07-01,test,EN,-0.0064734049869378
2007-08-01,test,EN,0.0044844223583821
2007-09-01,test,EN,0.0024479364948071
2007-10-01,test,EN,-0.0025295271255548
2007-11-01,test,EN,0.0078385453299193
2007-12-01,test,EN,0.0085306551746746
2008-01-01,test,EN,0.0136418830040071
2008-02-01,test,EN,0.0229560316042393
2008-03-01,test,EN,0.0095597230063309
2008-04-01,test,EN,0.0148839776504392
2008-05-01,test,EN,-0.0062541518531546
2008-06-01,test,EN,-0.007798458464806
2008-07-01,test,EN,0.0284531018527178
2008-08-01,test,EN,0.0006252205398432
2008-09-01,test,EN,0.005010785823628
2008-10-01,test,EN,0.0193501831501622
2008-11-01,test,EN,0.0158790762876978
2008-12-01,test,EN,0.0379287187449143
2009-01-01,test,EN,0.0135706716474923
2009-02-01,test,EN,0.0022323665710783
2009-03-01,test,EN,-0.0035453951257793
2009-04-01,test,EN,-0.088451311537743
2009-05-01,test,EN,-0.0243319035863821
2009-06-01,test,EN,0.0028865008831351
2009-07-01,test,EN,0.0019192799195994
2009-08-01,test,EN,-0.0257277303545564
2009-09-01,test,EN,-0.0163201168970233
2009-10-01,test,EN,0.014704725445883
2009-11-01,test,EN,0.0015252642490317
2009-12-01,test,EN,-0.0015138439524578
2010-01-01,test,EN,0.0020795399489659
2010-02-01,test,EN,0.0060106796822736
2010-03-01,test,EN,0.0039532413553323
2010-04-01,test,EN,-0.0170057081045975
2010-05-01,test,EN,0.0029834238637989
2010-06-01,test,EN,0.0018780730235353
2010-07-01,test,EN,0.014236419896525
2010-08-01,test,EN,0.0071416292759117
2010-09-01,test,EN,0.0156713837617791
2010-10-01,test,EN,-0.0023836363620182
2010-11-01,test,EN,0.0012516313974067
2010-12-01,test,EN,-0.0081565819753108
2011-01-01,test,EN,-0.0029287664682457
2011-02-01,test,EN,-0.0005677680473776
2011-03-01,test,EN,0.0033958759913139
2011-04-01,test,EN,0.0029220323301204
2011-05-01,test,EN,0.0043699746543996
2011-06-01,test,EN,0.0030337436341255
2011-07-01,test,EN,0.0012143509548777
2011-08-01,test,EN,0.0177248816380916
2011-09-01,test,EN,0.0036921591025983
2011-10-01,test,EN,0.0428786752112927
2011-11-01,test,EN,0.0098628383626561
2011-12-01,test,EN,0.0059072342161999
2012-01-01,test,EN,0.0037021284767227
2012-02-01,test,EN,-0.002434614391838
2012-03-01,test,EN,0.0060659476360604
2012-04-01,test,EN,0.0054359821389277
2012-05-01,test,EN,0.0090255162683451
2012-06-01,test,EN,-0.0011111795538621
2012-07-01,test,EN,0.0116913676108711
2012-08-01,test,EN,0.0007032906410188
2012-09-01,test,EN,-0.0007897430662099
2012-10-01,test,EN,0.0141031098438139
2012-11-01,test,EN,0.0051760277803179
2012-12-01,test,EN,-0.0065194057594249
2013-01-01,test,EN,0.0019456214980229
2013-02-01,test,EN,0.0052836800984441
2013-03-01,test,EN,-0.0034228039165146
2013-04-01,test,EN,0.001522497529217
2013-05-01,test,EN,-0.0036117640740391
2013-06-01,test,EN,-0.0014616586254725
2013-07-01,test,EN,0.004824953365122
2013-08-01,test,EN,0.0021226820661889
2013-09-01,test,EN,0.0043528943063008
2013-10-01,test,EN,0.0067354662949617
2013-11-01,test,EN,0.0061405874433144
2013-12-01,test,EN,-0.003391429439197
2014-01-01,test,EN,-0.010037978781429
2014-02-01,test,EN,-0.005426053994713
2014-03-01,test,EN,-0.0008241190109037
2014-04-01,test,EN,-0.0046728137978725
2014-05-01,test,EN,0.0021029349693798
2014-06-01,test,EN,-0.0039403326106727
2014-07-01,test,EN,0.0119566304960234
2014-08-01,test,EN,-0.0028574297235266
2014-09-01,test,EN,0.0071701550039615
2014-10-01,test,EN,0.0122424592877426
2014-11-01,test,EN,0.0001076351400525
2014-12-01,test,EN,-0.0138287691501059
2015-01-01,test,EN,0.0112483304635903
2015-02-01,test,EN,0.0067483914909688
2015-03-01,test,EN,0.0131473093794128
2015-04-01,test,EN,6.479557436621612e-05
2015-05-01,test,EN,0.0270294522109822
2015-06-01,test,EN,0.002110769896069
2015-07-01,test,EN,0.0141384655426664
2015-08-01,test,EN,0.0080995331405897
2015-09-01,test,EN,0.0242920393281697
2015-10-01,test,EN,0.0153100868688527
2015-11-01,test,EN,0.0085372858719657
2015-12-01,test,EN,0.0214294539465106
2016-01-01,test,EN,0.0158689277996678
2016-02-01,test,EN,0.0003690092797262
2016-03-01,test,EN,-0.0157057899096082
2016-04-01,test,EN,-0.0426214886969812
2016-05-01,test,EN,0.0300335435955652
2016-06-01,test,EN,0.0019565309000883
2016-07-01,test,EN,-0.0084260033071477
2016-08-01,test,EN,-0.0062489575536896
2016-09-01,test,EN,-0.0001559238345196
2016-10-01,test,EN,0.0140026416182568
2016-11-01,test,EN,0.0043571451000898
2016-12-01,test,EN,0.0006097853697479
1967-01-01,train,FFN,0.1028248896531114
1967-02-01,train,FFN,0.0202827486144476
1967-03-01,train,FFN,0.0382252805658766
1967-04-01,train,FFN,0.0178135670977514
1967-05-01,train,FFN,0.0054774809833611
1967-06-01,train,FFN,0.0405545276046272
1967-07-01,train,FFN,0.0479706962102316
1967-08-01,train,FFN,0.0157368158347138
1967-09-01,train,FFN,0.045387307679484
1967-10-01,train,FFN,0.0100969566999934
1967-11-01,train,FFN,0.0026882590522957
1967-12-01,train,FFN,0.0592713622021465
1968-01-01,train,FFN,0.0497367773766619
1968-02-01,train,FFN,-0.0209156924889893
1968-03-01,train,FFN,0.0022310356891987
1968-04-01,train,FFN,0.0724949642184223
1968-05-01,train,FFN,0.0488619249768189
1968-06-01,train,FFN,0.0321162220997571
1968-07-01,train,FFN,0.019218343084973
1968-08-01,train,FFN,0.0288046300707746
1968-09-01,train,FFN,0.027573792391298
1968-10-01,train,FFN,0.018724396922915
1968-11-01,train,FFN,0.0151172422745212
1968-12-01,train,FFN,0.0237054642608316
1969-01-01,train,FFN,0.0099652204262011
1969-02-01,train,FFN,0.0073905164658834
1969-03-01,train,FFN,0.0205469637933249
1969-04-01,train,FFN,0.005117533736576
1969-05-01,train,FFN,0.0140211037053234
1969-06-01,train,FFN,-0.0144405175552125
1969-07-01,train,FFN,-0.0021752081768039
1969-08-01,train,FFN,0.0283174039305847
1969-09-01,train,FFN,0.0073570160027847
1969-10-01,train,FFN,0.0169177036312215
1969-11-01,train,FFN,0.0250822831148409
1969-12-01,train,FFN,-0.0039747410694538
1970-01-01,train,FFN,0.0490511567278733
1970-02-01,train,FFN,0.0094889984701456
1970-03-01,train,FFN,0.0332020652359812
1970-04-01,train,FFN,0.0381616925746141
1970-05-01,train,FFN,-0.0001673647256408
1970-06-01,train,FFN,0.04360015642845
1970-07-01,train,FFN,0.0384385224988925
1970-08-01,train,FFN,0.0166331440161261
1970-09-01,train,FFN,-0.0080970923302335
1970-10-01,train,FFN,0.0617548628544575
1970-11-01,train,FFN,0.0160747494188235
1970-12-01,train,FFN,0.0537128050645352
1971-01-01,train,FFN,0.0917231471084228
1971-02-01,train,FFN,-0.0106851534255323
1971-03-01,train,FFN,0.0094820048039509
1971-04-01,train,FFN,0.0128151784969491
1971-05-01,train,FFN,-0.0099538728585875
1971-06-01,train,FFN,0.0086199423514754
1971-07-01,train,FFN,-0.0014375074966341
1971-08-01,train,FFN,0.0436657918610815
1971-09-01,train,FFN,0.0142690693715144
1971-10-01,train,FFN,-0.0127064257364219
1971-11-01,train,FFN,0.0002447015077019
1971-12-01,train,FFN,0.0698153614415886
1972-01-01,train,FFN,0.0846486159244052
1972-02-01,train,FFN,0.0038432764585284
1972-03-01,train,FFN,0.0210801736747248
1972-04-01,train,FFN,0.0127656608174245
1972-05-01,train,FFN,0.0037698133792354
1972-06-01,train,FFN,0.0011322966176335
1972-07-01,train,FFN,0.0084805104997038
1972-08-01,train,FFN,0.0189105773568422
1972-09-01,train,FFN,0.0035386760292634
1972-10-01,train,FFN,0.0173241524010739
1972-11-01,train,FFN,0.0343480073359706
1972-12-01,train,FFN,0.0106729289416354
1973-01-01,train,FFN,0.0142201019988308
1973-02-01,train,FFN,0.0010103146203
1973-03-01,train,FFN,0.0257444626690314
1973-04-01,train,FFN,0.0124493762501584
1973-05-01,train,FFN,0.0056277877737421
1973-06-01,train,FFN,0.0144115333456566
1973-07-01,train,FFN,0.0400909328608777
1973-08-01,train,FFN,0.0285354194640315
1973-09-01,train,FFN,0.0271302549929822
1973-10-01,train,FFN,0.0286880632436137
1973-11-01,train,FFN,-0.0196850457429751
1973-12-01,train,FFN,0.0016355227272296
1974-01-01,train,FFN,0.2039996933794426
1974-02-01,train,FFN,0.0212345025453165
1974-03-01,train,FFN,0.0265533413184803
1974-04-01,train,FFN,0.0163653853347744
1974-05-01,train,FFN,0.0024490205431004
1974-06-01,train,FFN,0.0101716187558811
1974-07-01,train,FFN,0.0163008473390063
1974-08-01,train,FFN,0.0030339701977298
1974-09-01,train,FFN,0.0122733711440165
1974-10-01,train,FFN,0.0555801938599505
1974-11-01,train,FFN,-0.005378508734
1974-12-01,train,FFN,-0.0280317256127624
1975-01-01,train,FFN,0.3145438470954377
1975-02-01,train,FFN,0.0164043947380867
1975-03-01,train,FFN,0.0295372950834326
1975-04-01,train,FFN,0.0328024221377587
1975-05-01,train,FFN,0.0373923323630441
1975-06-01,train,FFN,0.045631673401745
1975-07-01,train,FFN,0.0262124749112946
1975-08-01,train,FFN,-0.0045003682728693
1975-09-01,train,FFN,-0.0136638979164323
1975-10-01,train,FFN,0.0004873025062886
1975-11-01,train,FFN,0.0046493667396707
1975-12-01,train,FFN,0.0089634626445944
1976-01-01,train,FFN,0.2241007533122924
1976-02-01,train,FFN,0.009054094235169
1976-03-01,train,FFN,0.0230822499332573
1976-04-01,train,FFN,-0.0057315635780359
1976-05-01,train,FFN,-0.0162824092390768
1976-06-01,train,FFN,0.0088030747385883
1976-07-01,train,FFN,0.012821467544777
1976-08-01,train,FFN,-0.0140352530644441
1976-09-01,train,FFN,0.0102691938511541
1976-10-01,train,FFN,-0.0051388253433554
1976-11-01,train,FFN,0.0259550655742177
1976-12-01,train,FFN,0.0788677530042555
1977-01-01,train,FFN,0.0673521957224628
1977-02-01,train,FFN,0.0181802105973508
1977-03-01,train,FFN,0.0122144534272347
1977-04-01,train,FFN,0.0185612610295438
1977-05-01,train,FFN,0.0163411147287818
1977-06-01,train,FFN,0.0320496878328343
1977-07-01,train,FFN,0.0054660149996061
1977-08-01,train,FFN,0.0003613594447579
1977-09-01,train,FFN,0.0055380230130042
1977-10-01,train,FFN,-0.0080253338758139
1977-11-01,train,FFN,0.0622913066055033
1977-12-01,train,FFN,0.0137268999036647
1978-01-01,train,FFN,0.0195072247223197
1978-02-01,train,FFN,0.0222028670847631
1978-03-01,train,FFN,0.0260748493110566
1978-04-01,train,FFN,0.0357839957186537
1978-05-01,train,FFN,0.0443344562575685
1978-06-01,train,FFN,0.0069261639840638
1978-07-01,train,FFN,0.0307678205803099
1978-08-01,train,FFN,0.0579040332177194
1978-09-01,train,FFN,0.0114590205477286
1978-10-01,train,FFN,-0.0886440311268285
1978-11-01,train,FFN,0.0667474022490313
1978-12-01,train,FFN,0.0060793178832803
1979-01-01,train,FFN,0.0901864001960098
1979-02-01,train,FFN,0.0004897145383547
1979-03-01,train,FFN,0.0372349066289381
1979-04-01,train,FFN,0.0154800222267947
1979-05-01,train,FFN,-0.0017670139283887
1979-06-01,train,FFN,0.0120330126793191
1979-07-01,train,FFN,0.0129814574598871
1979-08-01,train,FFN,0.0240705663080877
1979-09-01,train,FFN,0.0034039196672234
1979-10-01,train,FFN,-0.0381656167367185
1979-11-01,train,FFN,0.0339073238631193
1979-12-01,train,FFN,0.0213717893915428
1980-01-01,train,FFN,0.0679949000869213
1980-02-01,train,FFN,-0.0012699924675916
1980-03-01,train,FFN,-0.0274587069981684
1980-04-01,train,FFN,0.0410502326167485
1980-05-01,train,FFN,0.0274718835720713
1980-06-01,train,FFN,0.0252966284174051
1980-07-01,train,FFN,0.0522543954362953
1980-08-01,train,FFN,0.0348191221909954
1980-09-01,train,FFN,0.0242283045808516
1980-10-01,train,FFN,0.0139889454315411
1980-11-01,train,FFN,-0.0086683575382682
1980-12-01,train,FFN,-0.0041689722902875
1981-01-01,train,FFN,0.0345923672568784
1981-02-01,train,FFN,0.0103012379856399
1981-03-01,train,FFN,0.0306246636093518
1981-04-01,train,FFN,0.0311207807801541
1981-05-01,train,FFN,0.0097446195218876
1981-06-01,train,FFN,0.018028865310326
1981-07-01,train,FFN,-0.0114120159319549
1981-08-01,train,FFN,-0.0037093764997825
1981-09-01,train,FFN,0.0060119524110537
1981-10-01,train,FFN,0.0389713767751202
1981-11-01,train,FFN,0.0194771976093473
1981-12-01,train,FFN,0.0081230807121871
1982-01-01,train,FFN,0.021237734769782
1982-02-01,train,FFN,0.0158120234231318
1982-03-01,train,FFN,0.0219731547774129
1982-04-01,train,FFN,0.0127766109410187
1982-05-01,train,FFN,0.0070278312091986
1982-06-01,train,FFN,0.0310864577961126
1982-07-01,train,FFN,0.0106424957720825
1982-08-01,train,FFN,0.0143575235396765
1982-09-01,train,FFN,0.0446050559874532
1982-10-01,train,FFN,0.0479035438487074
1982-11-01,train,FFN,0.0543720404548034
1982-12-01,train,FFN,0.0198125548253114
1983-01-01,train,FFN,0.0393608270959972
1983-02-01,train,FFN,0.03992833637483
1983-03-01,train,FFN,0.0280648471204929
1983-04-01,train,FFN,0.0333180886717055
1983-05-01,train,FFN,0.0290813478120098
1983-06-01,train,FFN,0.0330999923881215
1983-07-01,train,FFN,0.0090497612205302
1983-08-01,train,FFN,-0.0034013308725266
1983-09-01,train,FFN,0.0246962170865685
1983-10-01,train,FFN,0.0029810140797361
1983-11-01,train,FFN,0.0284665406247229
1983-12-01,train,FFN,0.0122370219799151
1984-01-01,train,FFN,0.0298238173692534
1984-02-01,train,FFN,0.0033353331266121
1984-03-01,train,FFN,0.0248148052479484
1984-04-01,train,FFN,0.0120304053548069
1984-05-01,train,FFN,0.0171481192628924
1984-06-01,train,FFN,0.0163745847081239
1984-07-01,train,FFN,0.0124295256136108
1984-08-01,train,FFN,0.0263977639115615
1984-09-01,train,FFN,0.0223489865756646
1984-10-01,train,FFN,0.0244037901127531
1984-11-01,train,FFN,0.0143152089346404
1984-12-01,train,FFN,0.0198141713756973
1985-01-01,train,FFN,0.0521405313795091
1985-02-01,train,FFN,0.0143460705420586
1985-03-01,train,FFN,0.0280794367159147
1985-04-01,train,FFN,0.0146590304219586
1985-05-01,train,FFN,0.0176778760343668
1985-06-01,train,FFN,0.0031954214302161
1985-07-01,train,FFN,0.0153559436257622
1985-08-01,train,FFN,0.0183539480867096
1985-09-01,train,FFN,0.007038122292147
1985-10-01,train,FFN,0.0164328365240546
1985-11-01,train,FFN,0.0328965732578293
1985-12-01,train,FFN,0.0289617923602209
1986-01-01,train,FFN,0.0263300358281018
1986-02-01,train,FFN,0.0234438162308331
1986-03-01,train,FFN,0.0253536688602048
1986-04-01,train,FFN,0.0153990770383803
1986-05-01,train,FFN,0.0207565667782798
1986-06-01,train,FFN,0.0303938145930935
1986-07-01,train,FFN,0.0004349043429705
1986-08-01,train,FFN,0.0246000370633269
1986-09-01,train,FFN,0.0013679450438457
1986-10-01,train,FFN,0.0302896781633663
1986-11-01,train,FFN,0.018090625896181
1986-12-01,train,FFN,0.0098515628709702
1987-01-01,validation,FFN,0.0376605572958722
1987-02-01,validation,FFN,0.0168598116377412
1987-03-01,validation,FFN,0.0054398835204433
1987-04-01,validation,FFN,0.0062533683682004
1987-05-01,validation,FFN,0.0018714962130663
1987-06-01,validation,FFN,0.0220616850430683
1987-07-01,validation,FFN,0.0182377772068337
1987-08-01,validation,FFN,0.0134209406707816
1987-09-01,validation,FFN,0.014870014113695
1987-10-01,validation,FFN,-0.0546132603167089
1987-11-01,validation,FFN,0.0158559668668861
1987-12-01,validation,FFN,0.0362840999563279
1988-01-01,validation,FFN,0.0824893499840101
1988-02-01,validation,FFN,0.0225275775052946
1988-03-01,validation,FFN,0.0225133306866803
1988-04-01,validation,FFN,0.0117996280119071
1988-05-01,validation,FFN,0.0043181887007379
1988-06-01,validation,FFN,0.0157276680041054
1988-07-01,validation,FFN,0.0092248618273039
1988-08-01,validation,FFN,0.0015101646321701
1988-09-01,validation,FFN,0.0163109427488006
1988-10-01,validation,FFN,0.0077638911841853
1988-11-01,validation,FFN,0.0011796141914066
1988-12-01,validation,FFN,0.0285286886478114
1989-01-01,validation,FFN,0.0640452470426636
1989-02-01,validation,FFN,0.0171724607013946
1989-03-01,validation,FFN,0.0094802544105458
1989-04-01,validation,FFN,0.0145111646607494
1989-05-01,validation,FFN,-0.0013043821164152
1989-06-01,validation,FFN,0.0054875324290729
1989-07-01,validation,FFN,0.0178447016507664
1989-08-01,validation,FFN,0.009514596531936
1989-09-01,validation,FFN,0.0100891510182743
1989-10-01,validation,FFN,-0.0100407593346186
1989-11-01,validation,FFN,-0.0043939429925361
1989-12-01,validation,FFN,-0.0066340066424542
1990-01-01,validation,FFN,0.0523008307523713
1990-02-01,validation,FFN,0.0195877634223651
1990-03-01,validation,FFN,0.0281024908464164
1990-04-01,validation,FFN,0.0131152417529659
1990-05-01,validation,FFN,0.0228468069716951
1990-06-01,validation,FFN,0.0155730883022261
1990-07-01,validation,FFN,0.0216477383364235
1990-08-01,validation,FFN,-0.0016154953782984
1990-09-01,validation,FFN,-0.0019155813742662
1990-10-01,validation,FFN,0.0183196345860757
1990-11-01,validation,FFN,0.0121863066680715
1990-12-01,validation,FFN,0.0086319187840594
1991-01-01,validation,FFN,0.0600927783861515
1991-02-01,validation,FFN,0.008941476782549
1991-03-01,validation,FFN,0.0242200567631837
1991-04-01,validation,FFN,0.0349090636385255
1991-05-01,validation,FFN,0.0256983312393565
1991-06-01,validation,FFN,0.0096954903077889
1991-07-01,validation,FFN,0.0296529958300652
1991-08-01,validation,FFN,0.0226155373283262
1991-09-01,validation,FFN,0.0103826379646792
1991-10-01,validation,FFN,0.0149745166399107
1991-11-01,validation,FFN,0.0038850918543168
1991-12-01,validation,FFN,0.0348527095518998
1992-01-01,test,FFN,0.146595507914559
1992-02-01,test,FFN,-0.0028889482493906
1992-03-01,test,FFN,0.0208277385075535
1992-04-01,test,FFN,0.0049611214326307
1992-05-01,test,FFN,0.0153641624189336
1992-06-01,test,FFN,0.0029577522893712
1992-07-01,test,FFN,0.0298574549398371
1992-08-01,test,FFN,0.0206040647271299
1992-09-01,test,FFN,0.0192916601927834
1992-10-01,test,FFN,0.0235582335527635
1992-11-01,test,FFN,0.0356490038330265
1992-12-01,test,FFN,0.0374041469867047
1993-01-01,test,FFN,0.0669172866462019
1993-02-01,test,FFN,0.0231383104807772
1993-03-01,test,FFN,0.0309588855947003
1993-04-01,test,FFN,0.0085418701105312
1993-05-01,test,FFN,0.0235968376122413
1993-06-01,test,FFN,0.0141162559717273
1993-07-01,test,FFN,0.0292011020936575
1993-08-01,test,FFN,0.0218752916268294
1993-09-01,test,FFN,0.0223931286389633
1993-10-01,test,FFN,0.0260521060216652
1993-11-01,test,FFN,0.0014928482840742
1993-12-01,test,FFN,0.0256496611324696
1994-01-01,test,FFN,0.0402787307445126
1994-02-01,test,FFN,-0.0001068642083038
1994-03-01,test,FFN,0.016612955101501
1994-04-01,test,FFN,0.0176496653726111
1994-05-01,test,FFN,0.0144885922545337
1994-06-01,test,FFN,0.0063377680189608
1994-07-01,test,FFN,0.0109001755947592
1994-08-01,test,FFN,0.0214089130170524
1994-09-01,test,FFN,0.0211700261356118
1994-10-01,test,FFN,0.012557451921222
1994-11-01,test,FFN,0.0133906147553327
1994-12-01,test,FFN,0.0397007077185366
1995-01-01,test,FFN,0.034602076158758
1995-02-01,test,FFN,0.0209996771145337
1995-03-01,test,FFN,0.0091125367440127
1995-04-01,test,FFN,0.0301340268771237
1995-05-01,test,FFN,0.0063821494700158
1995-06-01,test,FFN,0.0221730711083045
1995-07-01,test,FFN,0.02944071329292
1995-08-01,test,FFN,0.0250842767269875
1995-09-01,test,FFN,0.0201457315890312
1995-10-01,test,FFN,0.011259516575169
1995-11-01,test,FFN,0.0157956016582619
1995-12-01,test,FFN,0.0038140031882224
1996-01-01,test,FFN,0.0485368105145725
1996-02-01,test,FFN,0.0131915937133101
1996-03-01,test,FFN,0.0046680059330606
1996-04-01,test,FFN,0.0291383889168106
1996-05-01,test,FFN,0.0281464302805365
1996-06-01,test,FFN,0.0123923161097176
1996-07-01,test,FFN,-0.0038843256467466
1996-08-01,test,FFN,0.0332513258539964
1996-09-01,test,FFN,0.0132178113905808
1996-10-01,test,FFN,0.0069412527576863
1996-11-01,test,FFN,0.0033621634336175
1996-12-01,test,FFN,0.0042404533712701
1997-01-01,test,FFN,0.074610359269734
1997-02-01,test,FFN,0.0262833508606173
1997-03-01,test,FFN,0.0174773164247267
1997-04-01,test,FFN,0.0120850736711741
1997-05-01,test,FFN,0.0294140849867566
1997-06-01,test,FFN,0.0369734341818022
1997-07-01,test,FFN,0.0068097541828542
1997-08-01,test,FFN,0.0145433980612241
1997-09-01,test,FFN,0.0415818386243314
1997-10-01,test,FFN,0.0195449063353515
1997-11-01,test,FFN,0.0101728794408896
1997-12-01,test,FFN,-0.0154747906528097
1998-01-01,test,FFN,0.0524865437642935
1998-02-01,test,FFN,0.0332912516288806
1998-03-01,test,FFN,0.026666857196215
1998-04-01,test,FFN,0.0110566311369277
1998-05-01,test,FFN,0.0138257504950304
1998-06-01,test,FFN,0.0040637377588388
1998-07-01,test,FFN,0.0058240296004015
1998-08-01,test,FFN,-0.0183456350912358
1998-09-01,test,FFN,0.0363686127529159
1998-10-01,test,FFN,0.0284933303155731
1998-11-01,test,FFN,0.0419501622316269
1998-12-01,test,FFN,0.0066068777953195
1999-01-01,test,FFN,0.0757358968487341
1999-02-01,test,FFN,0.0179125742485988
1999-03-01,test,FFN,-0.0068342350734583
1999-04-01,test,FFN,0.0150136468668416
1999-05-01,test,FFN,0.0326934656672874
1999-06-01,test,FFN,0.0195025437887762
1999-07-01,test,FFN,0.0261045531813887
1999-08-01,test,FFN,0.0007574687478942
1999-09-01,test,FFN,-0.0106472375587005
1999-10-01,test,FFN,0.0206207724403671
1999-11-01,test,FFN,0.0302282638256482
1999-12-01,test,FFN,0.0021985108418909
2000-01-01,test,FFN,0.0735116381749085
2000-02-01,test,FFN,-0.075808854793357
2000-03-01,test,FFN,0.0439926435325386
2000-04-01,test,FFN,-0.0008041162564951
2000-05-01,test,FFN,-0.032297573253847
2000-06-01,test,FFN,0.0606780850351733
2000-07-01,test,FFN,0.0375119936694122
2000-08-01,test,FFN,0.0285538879248088
2000-09-01,test,FFN,0.0062512627704329
2000-10-01,test,FFN,-0.0174266319343922
2000-11-01,test,FFN,-0.0297656780325759
2000-12-01,test,FFN,-0.0253652981488301
2001-01-01,test,FFN,0.2708220726360255
2001-02-01,test,FFN,0.0905116205007766
2001-03-01,test,FFN,0.0290628310069627
2001-04-01,test,FFN,0.0244765352333697
2001-05-01,test,FFN,0.037246131403316
2001-06-01,test,FFN,0.0083604837851802
2001-07-01,test,FFN,0.032588098729649
2001-08-01,test,FFN,0.0195041901630515
2001-09-01,test,FFN,0.0208755099436825
2001-10-01,test,FFN,0.0200965844149648
2001-11-01,test,FFN,0.0053198072533157
2001-12-01,test,FFN,0.0174077163759324
2002-01-01,test,FFN,0.0508180150702735
2002-02-01,test,FFN,0.0283908470547156
2002-03-01,test,FFN,0.0245445628056836
2002-04-01,test,FFN,0.0399857088159198
2002-05-01,test,FFN,0.0327235234440225
2002-06-01,test,FFN,0.0176304859845671
2002-07-01,test,FFN,0.0163509196269003
2002-08-01,test,FFN,0.0398772501736888
2002-09-01,test,FFN,0.0082945024223756
2002-10-01,test,FFN,0.0290011427325539
2002-11-01,test,FFN,-0.0182929402389432
2002-12-01,test,FFN,0.0643129943563371
2003-01-01,test,FFN,0.017198444209896
2003-02-01,test,FFN,-0.0028239125791626
2003-03-01,test,FFN,-0.003699909581033
2003-04-01,test,FFN,-0.004388500797798
2003-05-01,test,FFN,-0.0003772854178821
2003-06-01,test,FFN,0.0112234079522934
2003-07-01,test,FFN,0.0114670886609337
2003-08-01,test,FFN,0.0204386004518375
2003-09-01,test,FFN,0.0243143362901135
2003-10-01,test,FFN,0.0107865933685549
2003-11-01,test,FFN,0.0073702288658399
2003-12-01,test,FFN,0.0237784743171771
2004-01-01,test,FFN,0.0475382972655973
2004-02-01,test,FFN,0.0079483102101896
2004-03-01,test,FFN,0.0210058302856727
2004-04-01,test,FFN,-0.004116024818645
2004-05-01,test,FFN,0.0059256868513678
2004-06-01,test,FFN,0.0193498688807667
2004-07-01,test,FFN,0.002952437478206
2004-08-01,test,FFN,0.0041890755853729
2004-09-01,test,FFN,0.0250811990981978
2004-10-01,test,FFN,0.0050189843601505
2004-11-01,test,FFN,0.037204675483611
2004-12-01,test,FFN,0.0273247131681632
2005-01-01,test,FFN,0.0237421947930558
2005-02-01,test,FFN,0.0031753463002241
2005-03-01,test,FFN,0.0005922416294168
2005-04-01,test,FFN,-0.0050192710937046
2005-05-01,test,FFN,0.0203117067535521
2005-06-01,test,FFN,0.0180965722549894
2005-07-01,test,FFN,0.0146474129230821
2005-08-01,test,FFN,0.0083925867503335
2005-09-01,test,FFN,0.0010691294707264
2005-10-01,test,FFN,0.0007862580722486
2005-11-01,test,FFN,0.0167783467626179
2005-12-01,test,FFN,0.0122440043776213
2006-01-01,test,FFN,0.0260874987548128
2006-02-01,test,FFN,0.0062634242712732
2006-03-01,test,FFN,0.0032695949441896
2006-04-01,test,FFN,0.0041698116492488
2006-05-01,test,FFN,-0.0120018928737397
2006-06-01,test,FFN,0.0004893081262016
2006-07-01,test,FFN,-0.0015251027631682
2006-08-01,test,FFN,0.0214770408844229
2006-09-01,test,FFN,0.0086823915515854
2006-10-01,test,FFN,0.0165455901093041
2006-11-01,test,FFN,0.0101504589079924
2006-12-01,test,FFN,0.0181681769603739
2007-01-01,test,FFN,0.0129719515331643
2007-02-01,test,FFN,0.0063652071853438
2007-03-01,test,FFN,0.0006441401997852
2007-04-01,test,FFN,0.0049268805400707
2007-05-01,test,FFN,0.0063786669403405
2007-06-01,test,FFN,-0.0013048659705605
2007-07-01,test,FFN,-0.0219270484318373
2007-08-01,test,FFN,-0.0085564997525589
2007-09-01,test,FFN,-0.001225405640306
2007-10-01,test,FFN,0.007815510521281
2007-11-01,test,FFN,-0.0415604540186152
2007-12-01,test,FFN,-0.0011687178562907
2008-01-01,test,FFN,0.0086982976575266
2008-02-01,test,FFN,0.030037729031145
2008-03-01,test,FFN,0.0033759458883618
2008-04-01,test,FFN,0.0149921736461333
2008-05-01,test,FFN,0.0095737630620623
2008-06-01,test,FFN,-0.0272443399059896
2008-07-01,test,FFN,0.0276508456362829
2008-08-01,test,FFN,0.0160822494513442
2008-09-01,test,FFN,-0.0287629079470136
2008-10-01,test,FFN,-0.0357590057290908
2008-11-01,test,FFN,-0.022665834414322
2008-12-01,test,FFN,0.0567081513069554
2009-01-01,test,FFN,0.0584423324796859
2009-02-01,test,FFN,-0.0099344324807633
2009-03-01,test,FFN,0.060796253194826
2009-04-01,test,FFN,0.0072316886189278
2009-05-01,test,FFN,0.0031639844055908
2009-06-01,test,FFN,0.0274866646735377
2009-07-01,test,FFN,0.0310890641070263
2009-08-01,test,FFN,0.0097494144497649
2009-09-01,test,FFN,-0.0035227691323207
2009-10-01,test,FFN,0.0052060516326795
2009-11-01,test,FFN,0.0135192616361968
2009-12-01,test,FFN,0.0266016595135254
2010-01-01,test,FFN,0.0112072628853298
2010-02-01,test,FFN,0.0157225640235952
2010-03-01,test,FFN,0.0370730042335438
2010-04-01,test,FFN,0.0273938101981696
2010-05-01,test,FFN,-0.0218414667650554
2010-06-01,test,FFN,-0.0266953780445763
2010-07-01,test,FFN,0.038287055495103
2010-08-01,test,FFN,-0.0186580381164384
2010-09-01,test,FFN,0.0528272406693108
2010-10-01,test,FFN,0.0128276959879499
2010-11-01,test,FFN,0.0108445884842166
2010-12-01,test,FFN,0.0184884037096884
2011-01-01,test,FFN,0.023843599307948
2011-02-01,test,FFN,0.0258335146653937
2011-03-01,test,FFN,0.0135857723082842
2011-04-01,test,FFN,0.0021035596900971
2011-05-01,test,FFN,-0.0037560122362249
2011-06-01,test,FFN,-0.0064629133873895
2011-07-01,test,FFN,-0.0014418532619259
2011-08-01,test,FFN,-0.006925619820476
2011-09-01,test,FFN,-0.0222960318092754
2011-10-01,test,FFN,0.0844283773393096
2011-11-01,test,FFN,-0.0007060101850171
2011-12-01,test,FFN,0.0062608236002511
2012-01-01,test,FFN,0.0395788336672995
2012-02-01,test,FFN,0.0009447136018546
2012-03-01,test,FFN,0.0124391016584741
2012-04-01,test,FFN,0.0097418897487981
2012-05-01,test,FFN,-0.0049846766733462
2012-06-01,test,FFN,0.0058268336603426
2012-07-01,test,FFN,0.0103358291329841
2012-08-01,test,FFN,0.0084572457747256
2012-09-01,test,FFN,0.022380628489329
2012-10-01,test,FFN,0.018681697945157
2012-11-01,test,FFN,0.0011343868192022
2012-12-01,test,FFN,0.0086252922664026
2013-01-01,test,FFN,0.0409337234269047
2013-02-01,test,FFN,0.0098238162827732
2013-03-01,test,FFN,0.0098122377640101
2013-04-01,test,FFN,-0.0043781675989055
2013-05-01,test,FFN,0.0180562001804049
2013-06-01,test,FFN,-0.0042312593717368
2013-07-01,test,FFN,0.0155453837208105
2013-08-01,test,FFN,4.327861949639911e-05
2013-09-01,test,FFN,0.0170556192469359
2013-10-01,test,FFN,0.0236478961990209
2013-11-01,test,FFN,0.0139914051039212
2013-12-01,test,FFN,0.008268534070922
2014-01-01,test,FFN,0.0113712430380308
2014-02-01,test,FFN,0.0087088930905501
2014-03-01,test,FFN,0.0017763943099512
2014-04-01,test,FFN,-0.017055750301379
2014-05-01,test,FFN,-0.0005579780517004
2014-06-01,test,FFN,0.0087063641121465
2014-07-01,test,FFN,-0.0002115938253241
2014-08-01,test,FFN,0.0128430040668136
2014-09-01,test,FFN,-0.016467540855617
2014-10-01,test,FFN,0.0003515014325361
2014-11-01,test,FFN,-0.0134053841647964
2014-12-01,test,FFN,-0.0298651126686965
2015-01-01,test,FFN,-0.0020022503298153
2015-02-01,test,FFN,0.0306781760524013
2015-03-01,test,FFN,0.0144327047010289
2015-04-01,test,FFN,0.0067010442455004
2015-05-01,test,FFN,0.0286347602722449
2015-06-01,test,FFN,-0.0051406037716784
2015-07-01,test,FFN,-0.0208762762646692
2015-08-01,test,FFN,0.007863939945533
2015-09-01,test,FFN,0.0106958551901432
2015-10-01,test,FFN,0.0364338489538663
2015-11-01,test,FFN,0.0034015273965249
2015-12-01,test,FFN,0.0049241968984832
2016-01-01,test,FFN,-0.0084042730311739
2016-02-01,test,FFN,0.0156725146323714
2016-03-01,test,FFN,0.0020182768151076
2016-04-01,test,FFN,-0.0188068875692357
2016-05-01,test,FFN,0.0210906573458422
2016-06-01,test,FFN,0.0219509447886287
2016-07-01,test,FFN,0.0245419869397508
2016-08-01,test,FFN,-0.0001743164041336
2016-09-01,test,FFN,0.0056944134445171
2016-10-01,test,FFN,-0.0107131253284649
2016-11-01,test,FFN,0.0470087778219651
2016-12-01,test,FFN,-0.0040599702884862
1967-01-01,train,GAN,0.03486496
1967-02-01,train,GAN,0.0127024315
1967-03-01,train,GAN,0.019322487
1967-04-01,train,GAN,0.011264661
1967-05-01,train,GAN,0.0022150625
1967-06-01,train,GAN,0.014964698
1967-07-01,train,GAN,0.03854953
1967-08-01,train,GAN,0.009612509
1967-09-01,train,GAN,0.02116016
1967-10-01,train,GAN,0.0027083082
1967-11-01,train,GAN,0.0020794375
1967-12-01,train,GAN,0.028540714
1968-01-01,train,GAN,0.029623905
1968-02-01,train,GAN,-0.0009540568
1968-03-01,train,GAN,0.0033216528
1968-04-01,train,GAN,0.04330495
1968-05-01,train,GAN,0.034593645
1968-06-01,train,GAN,0.022938784
1968-07-01,train,GAN,0.020826258
1968-08-01,train,GAN,0.016374733
1968-09-01,train,GAN,0.022856988
1968-10-01,train,GAN,0.015992727
1968-11-01,train,GAN,0.012903357
1968-12-01,train,GAN,0.012486784
1969-01-01,train,GAN,0.00426651
1969-02-01,train,GAN,0.01747913
1969-03-01,train,GAN,0.010861236
1969-04-01,train,GAN,0.00012297026
1969-05-01,train,GAN,0.011906052
1969-06-01,train,GAN,0.036630835
1969-07-01,train,GAN,0.0405347
1969-08-01,train,GAN,0.011055293
1969-09-01,train,GAN,0.011162439
1969-10-01,train,GAN,0.00033892837
1969-11-01,train,GAN,0.022683198
1969-12-01,train,GAN,0.023766283
1970-01-01,train,GAN,0.034029152
1970-02-01,train,GAN,0.006756752
1970-03-01,train,GAN,0.017698914
1970-04-01,train,GAN,0.030956145
1970-05-01,train,GAN,0.022919195
1970-06-01,train,GAN,0.030099519
1970-07-01,train,GAN,0.042434618
1970-08-01,train,GAN,0.023134287
1970-09-01,train,GAN,0.025286183
1970-10-01,train,GAN,0.025820462
1970-11-01,train,GAN,0.013748329
1970-12-01,train,GAN,0.030616768
1971-01-01,train,GAN,0.023260012
1971-02-01,train,GAN,0.012680096
1971-03-01,train,GAN,0.024425166
1971-04-01,train,GAN,0.019434558
1971-05-01,train,GAN,0.0024629678
1971-06-01,train,GAN,0.015479972
1971-07-01,train,GAN,0.020363815
1971-08-01,train,GAN,0.019344501
1971-09-01,train,GAN,0.013941733
1971-10-01,train,GAN,0.008116318
1971-11-01,train,GAN,0.002368489
1971-12-01,train,GAN,0.026504353
1972-01-01,train,GAN,0.021499084
1972-02-01,train,GAN,0.01752139
1972-03-01,train,GAN,0.01543376
1972-04-01,train,GAN,0.010815807
1972-05-01,train,GAN,0.008681079
1972-06-01,train,GAN,0.009937816
1972-07-01,train,GAN,0.019526476
1972-08-01,train,GAN,0.009074163
1972-09-01,train,GAN,0.013535597
1972-10-01,train,GAN,0.015814513
1972-11-01,train,GAN,0.013407952
1972-12-01,train,GAN,0.025730161
1973-01-01,train,GAN,0.026157023
1973-02-01,train,GAN,0.015313536
1973-03-01,train,GAN,0.014277145
1973-04-01,train,GAN,0.023866706
1973-05-01,train,GAN,0.030533245
1973-06-01,train,GAN,0.024549477
1973-07-01,train,GAN,0.01978985
1973-08-01,train,GAN,0.023559036
1973-09-01,train,GAN,0.016821409
1973-10-01,train,GAN,0.022442318
1973-11-01,train,GAN,0.029090673
1973-12-01,train,GAN,0.029168338
1974-01-01,train,GAN,0.019778946
1974-02-01,train,GAN,0.011504523
1974-03-01,train,GAN,0.012069568
1974-04-01,train,GAN,0.023801915
1974-05-01,train,GAN,0.02383142
1974-06-01,train,GAN,0.020825539
1974-07-01,train,GAN,0.024168275
1974-08-01,train,GAN,0.023474796
1974-09-01,train,GAN,0.024029184
1974-10-01,train,GAN,0.023212522
1974-11-01,train,GAN,0.01944916
1974-12-01,train,GAN,0.018590381
1975-01-01,train,GAN,0.018670863
1975-02-01,train,GAN,0.017526528
1975-03-01,train,GAN,0.019797489
1975-04-01,train,GAN,0.021411665
1975-05-01,train,GAN,0.022020333
1975-06-01,train,GAN,0.020316623
1975-07-01,train,GAN,0.014813832
1975-08-01,train,GAN,0.0184714
1975-09-01,train,GAN,0.016516378
1975-10-01,train,GAN,0.012201904
1975-11-01,train,GAN,0.01259706
1975-12-01,train,GAN,0.010306841
1976-01-01,train,GAN,0.020930104
1976-02-01,train,GAN,0.02046901
1976-03-01,train,GAN,0.014782812
1976-04-01,train,GAN,0.009046454
1976-05-01,train,GAN,0.0032481707
1976-06-01,train,GAN,0.011812055
1976-07-01,train,GAN,0.01403008
1976-08-01,train,GAN,0.0033699467
1976-09-01,train,GAN,0.00778188
1976-10-01,train,GAN,0.00764389
1976-11-01,train,GAN,0.015374808
1976-12-01,train,GAN,0.02094113
1977-01-01,train,GAN,0.027660862
1977-02-01,train,GAN,0.015450241
1977-03-01,train,GAN,0.007536638
1977-04-01,train,GAN,0.015538326
1977-05-01,train,GAN,0.01302819
1977-06-01,train,GAN,0.018133793
1977-07-01,train,GAN,0.00876716
1977-08-01,train,GAN,0.0019460302
1977-09-01,train,GAN,0.01012232
1977-10-01,train,GAN,0.012826882
1977-11-01,train,GAN,0.023883414
1977-12-01,train,GAN,0.011954455
1978-01-01,train,GAN,0.019513767
1978-02-01,train,GAN,0.015497638
1978-03-01,train,GAN,0.017055448
1978-04-01,train,GAN,0.021639643
1978-05-01,train,GAN,0.01917045
1978-06-01,train,GAN,0.011318468
1978-07-01,train,GAN,0.020245114
1978-08-01,train,GAN,0.014894739
1978-09-01,train,GAN,0.007404257
1978-10-01,train,GAN,0.029536955
1978-11-01,train,GAN,0.028369188
1978-12-01,train,GAN,0.012573717
1979-01-01,train,GAN,0.018697677
1979-02-01,train,GAN,0.0050106444
1979-03-01,train,GAN,0.021261683
1979-04-01,train,GAN,0.015455898
1979-05-01,train,GAN,0.0033966629
1979-06-01,train,GAN,0.012281107
1979-07-01,train,GAN,0.01275311
1979-08-01,train,GAN,0.021424871
1979-09-01,train,GAN,0.008882511
1979-10-01,train,GAN,0.027288351
1979-11-01,train,GAN,0.01387145
1979-12-01,train,GAN,0.005571659
1980-01-01,train,GAN,0.014363784
1980-02-01,train,GAN,0.0047584637
1980-03-01,train,GAN,0.027129203
1980-04-01,train,GAN,0.019873153
1980-05-01,train,GAN,0.025712293
1980-06-01,train,GAN,0.022839617
1980-07-01,train,GAN,0.024925204
1980-08-01,train,GAN,0.025481828
1980-09-01,train,GAN,0.020622265
1980-10-01,train,GAN,0.020382587
1980-11-01,train,GAN,0.026298158
1980-12-01,train,GAN,0.013351301
1981-01-01,train,GAN,0.01182325
1981-02-01,train,GAN,0.008369553
1981-03-01,train,GAN,0.017351715
1981-04-01,train,GAN,0.012273823
1981-05-01,train,GAN,-0.00083468994
1981-06-01,train,GAN,0.017702084
1981-07-01,train,GAN,0.014738732
1981-08-01,train,GAN,0.026166888
1981-09-01,train,GAN,0.028801868
1981-10-01,train,GAN,0.022795063
1981-11-01,train,GAN,0.017389439
1981-12-01,train,GAN,0.012815262
1982-01-01,train,GAN,0.014115623
1982-02-01,train,GAN,0.014542256
1982-03-01,train,GAN,0.011868998
1982-04-01,train,GAN,0.017597627
1982-05-01,train,GAN,0.015207776
1982-06-01,train,GAN,0.021074742
1982-07-01,train,GAN,0.011190992
1982-08-01,train,GAN,0.02524443
1982-09-01,train,GAN,0.030470626
1982-10-01,train,GAN,0.02514227
1982-11-01,train,GAN,0.021440618
1982-12-01,train,GAN,0.017584598
1983-01-01,train,GAN,0.016428713
1983-02-01,train,GAN,0.013466548
1983-03-01,train,GAN,0.015154798
1983-04-01,train,GAN,0.014572572
1983-05-01,train,GAN,0.014074264
1983-06-01,train,GAN,0.014731235
1983-07-01,train,GAN,0.0134315295
1983-08-01,train,GAN,0.011636411
1983-09-01,train,GAN,0.019037869
1983-10-01,train,GAN,0.016509729
1983-11-01,train,GAN,0.014511476
1983-12-01,train,GAN,0.01546726
1984-01-01,train,GAN,0.014470329
1984-02-01,train,GAN,0.013332273
1984-03-01,train,GAN,0.014355666
1984-04-01,train,GAN,0.014945795
1984-05-01,train,GAN,0.015518255
1984-06-01,train,GAN,0.015047463
1984-07-01,train,GAN,0.014268067
1984-08-01,train,GAN,0.014422516
1984-09-01,train,GAN,0.015624057
1984-10-01,train,GAN,0.015820824
1984-11-01,train,GAN,0.016507383
1984-12-01,train,GAN,0.014960226
1985-01-01,train,GAN,0.014406173
1985-02-01,train,GAN,0.012818958
1985-03-01,train,GAN,0.015623469
1985-04-01,train,GAN,0.015069953
1985-05-01,train,GAN,0.01658582
1985-06-01,train,GAN,0.012121864
1985-07-01,train,GAN,0.014199131
1985-08-01,train,GAN,0.015524864
1985-09-01,train,GAN,0.015778502
1985-10-01,train,GAN,0.017562563
1985-11-01,train,GAN,0.01515982
1985-12-01,train,GAN,0.015089419
1986-01-01,train,GAN,0.015381781
1986-02-01,train,GAN,0.014099236
1986-03-01,train,GAN,0.015578389
1986-04-01,train,GAN,0.015016605
1986-05-01,train,GAN,0.015054951
1986-06-01,train,GAN,0.015260471
1986-07-01,train,GAN,0.017174603
1986-08-01,train,GAN,0.015412862
1986-09-01,train,GAN,0.01495711
1986-10-01,train,GAN,0.015398828
1986-11-01,train,GAN,0.013957411
1986-12-01,train,GAN,0.014530748
1987-01-01,validation,GAN,0.007226977
1987-02-01,validation,GAN,0.007723434
1987-03-01,validation,GAN,0.009012079
1987-04-01,validation,GAN,0.0028799945
1987-05-01,validation,GAN,-0.0011594635
1987-06-01,validation,GAN,0.011209543
1987-07-01,validation,GAN,-0.0006140118
1987-08-01,validation,GAN,0.017073113
1987-09-01,validation,GAN,0.014534094
1987-10-01,validation,GAN,0.020795032
1987-11-01,validation,GAN,0.027459096
1987-12-01,validation,GAN,0.028779497
1988-01-01,validation,GAN,0.021429956
1988-02-01,validation,GAN,0.009189212
1988-03-01,validation,GAN,0.01263639
1988-04-01,validation,GAN,0.0051250034
1988-05-01,validation,GAN,0.003799015
1988-06-01,validation,GAN,-0.0006256069
1988-07-01,validation,GAN,0.007187156
1988-08-01,validation,GAN,0.004129076
1988-09-01,validation,GAN,0.0065126093
1988-10-01,validation,GAN,0.009593927
1988-11-01,validation,GAN,0.012201333
1988-12-01,validation,GAN,0.009700517
1989-01-01,validation,GAN,0.008584684
1989-02-01,validation,GAN,0.013626889
1989-03-01,validation,GAN,0.008738272
1989-04-01,validation,GAN,0.008959111
1989-05-01,validation,GAN,-0.0030028184
1989-06-01,validation,GAN,0.011970032
1989-07-01,validation,GAN,0.014446578
1989-08-01,validation,GAN,0.0053880643
1989-09-01,validation,GAN,0.0048507173
1989-10-01,validation,GAN,0.007296131
1989-11-01,validation,GAN,0.003111818
1989-12-01,validation,GAN,0.008313725
1990-01-01,validation,GAN,0.018990707
1990-02-01,validation,GAN,0.0063537234
1990-03-01,validation,GAN,0.013013916
1990-04-01,validation,GAN,0.006592764
1990-05-01,validation,GAN,0.010129333
1990-06-01,validation,GAN,0.0037502546
1990-07-01,validation,GAN,0.017323557
1990-08-01,validation,GAN,-0.0030819671
1990-09-01,validation,GAN,0.0023655808
1990-10-01,validation,GAN,0.0104116425
1990-11-01,validation,GAN,0.012527008
1990-12-01,validation,GAN,0.014224715
1991-01-01,validation,GAN,-0.002650235
1991-02-01,validation,GAN,0.0077001518
1991-03-01,validation,GAN,0.007133121
1991-04-01,validation,GAN,0.01258094
1991-05-01,validation,GAN,0.014010398
1991-06-01,validation,GAN,-0.001959567
1991-07-01,validation,GAN,0.016565586
1991-08-01,validation,GAN,-0.0009020304
1991-09-01,validation,GAN,0.0039322455
1991-10-01,validation,GAN,0.009949646
1991-11-01,validation,GAN,-0.005755711
1991-12-01,validation,GAN,0.031569555
1992-01-01,test,GAN,0.03336419
1992-02-01,test,GAN,-0.0044704815
1992-03-01,test,GAN,0.008623028
1992-04-01,test,GAN,0.0075991997
1992-05-01,test,GAN,0.0074210335
1992-06-01,test,GAN,0.002367283
1992-07-01,test,GAN,0.01383196
1992-08-01,test,GAN,0.011488677
1992-09-01,test,GAN,0.010512748
1992-10-01,test,GAN,0.0039280225
1992-11-01,test,GAN,0.008335031
1992-12-01,test,GAN,0.018464902
1993-01-01,test,GAN,0.025906913
1993-02-01,test,GAN,0.013161164
1993-03-01,test,GAN,0.020621529
1993-04-01,test,GAN,0.009932528
1993-05-01,test,GAN,-0.00037149
1993-06-01,test,GAN,0.0111152455
1993-07-01,test,GAN,0.009532352
1993-08-01,test,GAN,0.012293857
1993-09-01,test,GAN,0.010614244
1993-10-01,test,GAN,0.001615196
1993-11-01,test,GAN,-0.0039816583
1993-12-01,test,GAN,0.019761346
1994-01-01,test,GAN,0.012492156
1994-02-01,test,GAN,-0.0013842139
1994-03-01,test,GAN,0.004817824
1994-04-01,test,GAN,0.014879733
1994-05-01,test,GAN,0.0030845017
1994-06-01,test,GAN,0.010257832
1994-07-01,test,GAN,0.0064809746
1994-08-01,test,GAN,0.011309155
1994-09-01,test,GAN,0.005817163
1994-10-01,test,GAN,0.008393709
1994-11-01,test,GAN,0.0059725954
1994-12-01,test,GAN,0.020644315
1995-01-01,test,GAN,0.011074406
1995-02-01,test,GAN,0.013280902
1995-03-01,test,GAN,0.009951739
1995-04-01,test,GAN,0.010089608
1995-05-01,test,GAN,0.0040742867
1995-06-01,test,GAN,0.004669363
1995-07-01,test,GAN,0.0052664196
1995-08-01,test,GAN,0.008329201
1995-09-01,test,GAN,0.011538434
1995-10-01,test,GAN,0.011959093
1995-11-01,test,GAN,0.010568944
1995-12-01,test,GAN,0.010593484
1996-01-01,test,GAN,0.009815023
1996-02-01,test,GAN,0.0071092164
1996-03-01,test,GAN,0.0043992703
1996-04-01,test,GAN,0.00040047264
1996-05-01,test,GAN,0.002698874
1996-06-01,test,GAN,0.00917638
1996-07-01,test,GAN,0.013035231
1996-08-01,test,GAN,0.014740823
1996-09-01,test,GAN,0.0054751895
1996-10-01,test,GAN,0.016290285
1996-11-01,test,GAN,0.00096980814
1996-12-01,test,GAN,0.01649268
1997-01-01,test,GAN,0.018165238
1997-02-01,test,GAN,0.0140972305
1997-03-01,test,GAN,0.013863527
1997-04-01,test,GAN,0.009418031
1997-05-01,test,GAN,0.009713192
1997-06-01,test,GAN,0.016397592
1997-07-01,test,GAN,0.014439302
1997-08-01,test,GAN,0.0028051152
1997-09-01,test,GAN,0.0074941814
1997-10-01,test,GAN,0.007224615
1997-11-01,test,GAN,0.013954388
1997-12-01,test,GAN,0.008659836
1998-01-01,test,GAN,0.012905506
1998-02-01,test,GAN,0.013921862
1998-03-01,test,GAN,0.0118081225
1998-04-01,test,GAN,0.0035677808
1998-05-01,test,GAN,0.017290033
1998-06-01,test,GAN,0.008330476
1998-07-01,test,GAN,0.008657511
1998-08-01,test,GAN,0.013715513
1998-09-01,test,GAN,0.016291874
1998-10-01,test,GAN,0.009646094
1998-11-01,test,GAN,0.019812975
1998-12-01,test,GAN,0.008446051
1999-01-01,test,GAN,0.0077762357
1999-02-01,test,GAN,0.014663786
1999-03-01,test,GAN,-0.009425166
1999-04-01,test,GAN,-0.0123414425
1999-05-01,test,GAN,0.0080304295
1999-06-01,test,GAN,0.017398704
1999-07-01,test,GAN,0.013437129
1999-08-01,test,GAN,0.004789593
1999-09-01,test,GAN,0.0035147022
1999-10-01,test,GAN,0.018602174
1999-11-01,test,GAN,0.005449867
1999-12-01,test,GAN,-0.009547316
2000-01-01,test,GAN,0.019823192
2000-02-01,test,GAN,-0.046737917
2000-03-01,test,GAN,0.035969697
2000-04-01,test,GAN,0.008590301
2000-05-01,test,GAN,-0.0010042893
2000-06-01,test,GAN,0.03175881
2000-07-01,test,GAN,0.021066975
2000-08-01,test,GAN,0.012942035
2000-09-01,test,GAN,0.015533484
2000-10-01,test,GAN,0.007460841
2000-11-01,test,GAN,0.013761095
2000-12-01,test,GAN,0.007325588
2001-01-01,test,GAN,0.009310332
2001-02-01,test,GAN,0.056081124
2001-03-01,test,GAN,0.014223536
2001-04-01,test,GAN,0.009994362
2001-05-01,test,GAN,0.016344482
2001-06-01,test,GAN,0.0029217391
2001-07-01,test,GAN,0.021770189
2001-08-01,test,GAN,0.012858998
2001-09-01,test,GAN,0.016963726
2001-10-01,test,GAN,0.0032618092
2001-11-01,test,GAN,-0.012538067
2001-12-01,test,GAN,0.0019795836
2002-01-01,test,GAN,0.021833478
2002-02-01,test,GAN,0.027285067
2002-03-01,test,GAN,0.011552619
2002-04-01,test,GAN,0.025558066
2002-05-01,test,GAN,0.016043348
2002-06-01,test,GAN,0.021943208
2002-07-01,test,GAN,0.032276697
2002-08-01,test,GAN,0.015727844
2002-09-01,test,GAN,0.020254856
2002-10-01,test,GAN,0.0047060344
2002-11-01,test,GAN,-0.036332063
2002-12-01,test,GAN,0.050301977
2003-01-01,test,GAN,0.0032616614
2003-02-01,test,GAN,-0.0017464111
2003-03-01,test,GAN,4.5458626e-05
2003-04-01,test,GAN,-0.011683747
2003-05-01,test,GAN,-0.031324696
2003-06-01,test,GAN,-0.001941766
2003-07-01,test,GAN,-0.0062157903
2003-08-01,test,GAN,0.003737986
2003-09-01,test,GAN,0.015284364
2003-10-01,test,GAN,0.0043749274
2003-11-01,test,GAN,0.002238991
2003-12-01,test,GAN,0.0066355234
2004-01-01,test,GAN,0.010610802
2004-02-01,test,GAN,0.0055887806
2004-03-01,test,GAN,0.002742577
2004-04-01,test,GAN,0.0005801655
2004-05-01,test,GAN,0.007181326
2004-06-01,test,GAN,0.0122542465
2004-07-01,test,GAN,0.0071915356
2004-08-01,test,GAN,0.002570229
2004-09-01,test,GAN,0.019996118
2004-10-01,test,GAN,0.0020391261
2004-11-01,test,GAN,0.018631464
2004-12-01,test,GAN,0.0012679921
2005-01-01,test,GAN,0.01926189
2005-02-01,test,GAN,0.01252343
2005-03-01,test,GAN,0.0033842209
2005-04-01,test,GAN,-0.0046388283
2005-05-01,test,GAN,0.010088936
2005-06-01,test,GAN,0.00989701
2005-07-01,test,GAN,-0.0061714663
2005-08-01,test,GAN,0.007272336
2005-09-01,test,GAN,-4.2209194e-05
2005-10-01,test,GAN,0.004994434
2005-11-01,test,GAN,0.0030476819
2005-12-01,test,GAN,0.0020725685
2006-01-01,test,GAN,0.006864925
2006-02-01,test,GAN,0.0070752525
2006-03-01,test,GAN,0.0041360585
2006-04-01,test,GAN,0.0040749502
2006-05-01,test,GAN,0.0007547856
2006-06-01,test,GAN,0.00554215
2006-07-01,test,GAN,0.009279483
2006-08-01,test,GAN,0.005845091
2006-09-01,test,GAN,0.006006325
2006-10-01,test,GAN,0.004904618
2006-11-01,test,GAN,-0.0024393233
2006-12-01,test,GAN,0.011668809
2007-01-01,test,GAN,0.000494331
2007-02-01,test,GAN,0.0025394284
2007-03-01,test,GAN,0.009555573
2007-04-01,test,GAN,0.0033193326
2007-05-01,test,GAN,0.003224931
2007-06-01,test,GAN,0.0018034296
2007-07-01,test,GAN,-0.0054326463
2007-08-01,test,GAN,0.0021380088
2007-09-01,test,GAN,0.0019567404
2007-10-01,test,GAN,0.0030154116
2007-11-01,test,GAN,-0.0067542815
2007-12-01,test,GAN,0.008522042
2008-01-01,test,GAN,0.006894676
2008-02-01,test,GAN,0.02167659
2008-03-01,test,GAN,0.007620559
2008-04-01,test,GAN,0.013914545
2008-05-01,test,GAN,0.0015940815
2008-06-01,test,GAN,-0.00735618
2008-07-01,test,GAN,0.019393792
2008-08-01,test,GAN,0.0008047127
2008-09-01,test,GAN,0.0043974593
2008-10-01,test,GAN,0.029906567
2008-11-01,test,GAN,0.012133792
2008-12-01,test,GAN,0.028450796
2009-01-01,test,GAN,0.003933168
2009-02-01,test,GAN,0.0016894235
2009-03-01,test,GAN,0.0044611925
2009-04-01,test,GAN,-0.05184476
2009-05-01,test,GAN,-0.0007114179
2009-06-01,test,GAN,0.01403733
2009-07-01,test,GAN,-0.011306511
2009-08-01,test,GAN,-0.014981119
2009-09-01,test,GAN,-0.0008166565
2009-10-01,test,GAN,0.0017379825
2009-11-01,test,GAN,0.00069733773
2009-12-01,test,GAN,0.011757943
2010-01-01,test,GAN,-0.0011064034
2010-02-01,test,GAN,0.009473193
2010-03-01,test,GAN,0.0008239432
2010-04-01,test,GAN,-0.0057569696
2010-05-01,test,GAN,-0.0056383065
2010-06-01,test,GAN,1.7849936e-05
2010-07-01,test,GAN,0.015845086
2010-08-01,test,GAN,0.0010682833
2010-09-01,test,GAN,0.0076052514
2010-10-01,test,GAN,0.0064962595
2010-11-01,test,GAN,0.0016739827
2010-12-01,test,GAN,-0.0022008359
2011-01-01,test,GAN,-0.0022993465
2011-02-01,test,GAN,-0.0054538557
2011-03-01,test,GAN,0.009646505
2011-04-01,test,GAN,0.008574675
2011-05-01,test,GAN,0.004727731
2011-06-01,test,GAN,0.0011763237
2011-07-01,test,GAN,-0.0024843407
2011-08-01,test,GAN,0.00047164204
2011-09-01,test,GAN,-0.0006199767
2011-10-01,test,GAN,0.067199945
2011-11-01,test,GAN,0.011277709
2011-12-01,test,GAN,0.008118374
2012-01-01,test,GAN,0.012967255
2012-02-01,test,GAN,0.0033119712
2012-03-01,test,GAN,0.009424255
2012-04-01,test,GAN,0.003460901
2012-05-01,test,GAN,-0.0018482101
2012-06-01,test,GAN,0.012964845
2012-07-01,test,GAN,0.010566802
2012-08-01,test,GAN,-0.0027827208
2012-09-01,test,GAN,0.0005992366
2012-10-01,test,GAN,0.010010883
2012-11-01,test,GAN,0.0055916673
2012-12-01,test,GAN,-0.0014265864
2013-01-01,test,GAN,0.0029458618
2013-02-01,test,GAN,0.007445755
2013-03-01,test,GAN,0.003318945
2013-04-01,test,GAN,0.0015664499
2013-05-01,test,GAN,-0.0040452364
2013-06-01,test,GAN,0.0016121469
2013-07-01,test,GAN,-0.00040076155
2013-08-01,test,GAN,-0.0018679383
2013-09-01,test,GAN,0.003982751
2013-10-01,test,GAN,0.012823975
2013-11-01,test,GAN,0.0069495556
2013-12-01,test,GAN,0.0024635072
2014-01-01,test,GAN,-0.0037636086
2014-02-01,test,GAN,-0.00046905724
2014-03-01,test,GAN,0.0039554196
2014-04-01,test,GAN,-0.007383855
2014-05-01,test,GAN,0.0034424625
2014-06-01,test,GAN,0.0028246606
2014-07-01,test,GAN,0.006409129
2014-08-01,test,GAN,-0.000788105
2014-09-01,test,GAN,0.009699733
2014-10-01,test,GAN,0.009521178
2014-11-01,test,GAN,0.00079415913
2014-12-01,test,GAN,-0.009290889
2015-01-01,test,GAN,0.011944498
2015-02-01,test,GAN,0.008898471
2015-03-01,test,GAN,0.013463591
2015-04-01,test,GAN,-0.0062497836
2015-05-01,test,GAN,0.023578389
2015-06-01,test,GAN,0.0039639873
2015-07-01,test,GAN,0.008409063
2015-08-01,test,GAN,0.0025202995
2015-09-01,test,GAN,0.016216017
2015-10-01,test,GAN,0.0116977515
2015-11-01,test,GAN,0.007062762
2015-12-01,test,GAN,0.01425482
2016-01-01,test,GAN,0.0053603626
2016-02-01,test,GAN,-0.00017239676
2016-03-01,test,GAN,0.00604343
2016-04-01,test,GAN,-0.031101767
2016-05-01,test,GAN,0.022908695
2016-06-01,test,GAN,0.0049865614
2016-07-01,test,GAN,-0.0004263284
2016-08-01,test,GAN,-0.004415495
2016-09-01,test,GAN,-0.0019089619
2016-10-01,test,GAN,0.012286425
2016-11-01,test,GAN,0.0029216276
2016-12-01,test,GAN,0.0021706847
1967-01-01,training,LS,0.0038834825743912
1967-02-01,training,LS,0.0090304603913888
1967-03-01,training,LS,0.0069524141920276
1967-04-01,training,LS,0.0051595369844372
1967-05-01,training,LS,0.0071138635137466
1967-06-01,training,LS,0.0051659730090312
1967-07-01,training,LS,0.0023819508696405
1967-08-01,training,LS,0.0063284261171303
1967-09-01,training,LS,0.0040837961290805
1967-10-01,training,LS,0.0051040159326525
1967-11-01,training,LS,0.0030622339938497
1967-12-01,training,LS,0.0068836899661948
1968-01-01,training,LS,0.0098650685667405
1968-02-01,training,LS,0.003916355376225
1968-03-01,training,LS,0.0043397024076701
1968-04-01,training,LS,0.0062739276197942
1968-05-01,training,LS,0.0037846071762247
1968-06-01,training,LS,0.0096037910529507
1968-07-01,training,LS,0.0111074605704254
1968-08-01,training,LS,0.0061257061685019
1968-09-01,training,LS,0.0087301300460069
1968-10-01,training,LS,0.0086693097834175
1968-11-01,training,LS,0.0056952035390644
1968-12-01,training,LS,0.0016653865109216
1969-01-01,training,LS,0.0123417190653982
1969-02-01,training,LS,0.0048007668355288
1969-03-01,training,LS,0.0041010157550165
1969-04-01,training,LS,0.0041794110476236
1969-05-01,training,LS,0.0031927391710375
1969-06-01,training,LS,0.0011269132462337
1969-07-01,training,LS,0.0077111654481499
1969-08-01,training,LS,0.0041565165959853
1969-09-01,training,LS,0.0037015319802484
1969-10-01,training,LS,0.0079496169038768
1969-11-01,training,LS,0.0094899322291314
1969-12-01,training,LS,0.0073055537792474
1970-01-01,training,LS,0.012396722608209
1970-02-01,training,LS,0.0107287719848468
1970-03-01,training,LS,0.0071820860022704
1970-04-01,training,LS,0.008976654918562
1970-05-01,training,LS,0.0032654955826369
1970-06-01,training,LS,0.0028098838147236
1970-07-01,training,LS,0.0072342132202822
1970-08-01,training,LS,0.0068654386135899
1970-09-01,training,LS,-0.0011489327193115
1970-10-01,training,LS,0.0105290854280254
1970-11-01,training,LS,0.0018362706077481
1970-12-01,training,LS,0.0101812761464444
1971-01-01,training,LS,0.0062459954813964
1971-02-01,training,LS,0.0011748729789294
1971-03-01,training,LS,0.0059668833533384
1971-04-01,training,LS,0.0068920882851423
1971-05-01,training,LS,0.0056085529502463
1971-06-01,training,LS,0.0077225722062856
1971-07-01,training,LS,0.0094589353976458
1971-08-01,training,LS,0.0092852582795791
1971-09-01,training,LS,0.0079447826013936
1971-10-01,training,LS,0.003188336704698
1971-11-01,training,LS,0.0062305089708646
1971-12-01,training,LS,0.0042252971290747
1972-01-01,training,LS,0.0058141724507749
1972-02-01,training,LS,0.0065947018955769
1972-03-01,training,LS,0.0094236058758961
1972-04-01,training,LS,0.0113480301169201
1972-05-01,training,LS,-0.0002273955934171
1972-06-01,training,LS,0.0072330032411888
1972-07-01,training,LS,0.009893483264943
1972-08-01,training,LS,0.0068820646258248
1972-09-01,training,LS,-0.0017399081138772
1972-10-01,training,LS,0.0069133366517851
1972-11-01,training,LS,0.0040116330211508
1972-12-01,training,LS,0.0078338145702197
1973-01-01,training,LS,0.0079485318857311
1973-02-01,training,LS,0.0028264737461057
1973-03-01,training,LS,0.0059558224798156
1973-04-01,training,LS,0.00423611154553
1973-05-01,training,LS,0.0133648924423282
1973-06-01,training,LS,0.0036731951815661
1973-07-01,training,LS,0.0058924589607075
1973-08-01,training,LS,0.0108748928501853
1973-09-01,training,LS,0.0014350524599244
1973-10-01,training,LS,0.0120049775631739
1973-11-01,training,LS,0.0057057608322668
1973-12-01,training,LS,0.0034655629425255
1974-01-01,training,LS,0.0084786698307836
1974-02-01,training,LS,0.0040225679713069
1974-03-01,training,LS,0.0072838323449845
1974-04-01,training,LS,0.005591020959831
1974-05-01,training,LS,0.0058263016069195
1974-06-01,training,LS,0.0051844572313835
1974-07-01,training,LS,0.0104863909844162
1974-08-01,training,LS,0.0116535149225615
1974-09-01,training,LS,0.0100362219910252
1974-10-01,training,LS,0.0137912483716963
1974-11-01,training,LS,0.0051588696596892
1974-12-01,training,LS,0.0060081437475214
1975-01-01,training,LS,0.0106634965576581
1975-02-01,training,LS,0.0049064649517535
1975-03-01,training,LS,0.0095256662446409
1975-04-01,training,LS,0.0101985827168627
1975-05-01,training,LS,0.0073312515034074
1975-06-01,training,LS,0.0033664707747917
1975-07-01,training,LS,0.0061451458388099
1975-08-01,training,LS,0.0090389695135042
1975-09-01,training,LS,0.0080084136738902
1975-10-01,training,LS,0.0078481780807434
1975-11-01,training,LS,0.001758214011349
1975-12-01,training,LS,0.0046965081343704
1976-01-01,training,LS,0.0122547238750278
1976-02-01,training,LS,0.0007213266896546
1976-03-01,training,LS,0.0017556469024815
1976-04-01,training,LS,0.0035662479202755
1976-05-01,training,LS,0.0055367489675533
1976-06-01,training,LS,0.0043340128457111
1976-07-01,training,LS,0.0057108357343412
1976-08-01,training,LS,0.0043699177007391
1976-09-01,training,LS,0.0058733106215532
1976-10-01,training,LS,0.0065200632012805
1976-11-01,training,LS,0.0065581828820847
1976-12-01,training,LS,0.0113104104248208
1977-01-01,training,LS,0.0093469724762407
1977-02-01,training,LS,0.0103933641891876
1977-03-01,training,LS,0.0086698453402287
1977-04-01,training,LS,0.0100266746285877
1977-05-01,training,LS,0.006223974445556
1977-06-01,training,LS,0.0043701400703669
1977-07-01,training,LS,0.0080899918499344
1977-08-01,training,LS,0.0062346072942886
1977-09-01,training,LS,0.0050604943331976
1977-10-01,training,LS,0.0031824876414071
1977-11-01,training,LS,0.0070102061606001
1977-12-01,training,LS,0.007335832355393
1978-01-01,training,LS,0.0061743711756572
1978-02-01,training,LS,0.0096860652102082
1978-03-01,training,LS,0.0075453223133824
1978-04-01,training,LS,0.0013881783370193
1978-05-01,training,LS,0.0094438880690696
1978-06-01,training,LS,-0.0003092602414793
1978-07-01,training,LS,0.0070210057046426
1978-08-01,training,LS,0.0035217677673086
1978-09-01,training,LS,0.0063305685888877
1978-10-01,training,LS,0.005324210497882
1978-11-01,training,LS,0.0140108552018938
1978-12-01,training,LS,0.0088731325337142
1979-01-01,training,LS,0.0116550227235828
1979-02-01,training,LS,0.00565472802817
1979-03-01,training,LS,0.0086570831106563
1979-04-01,training,LS,0.0078934631178653
1979-05-01,training,LS,0.0055040771204505
1979-06-01,training,LS,0.0059121129583328
1979-07-01,training,LS,0.007365076323054
1979-08-01,training,LS,0.0062066252121048
1979-09-01,training,LS,0.0023061831914501
1979-10-01,training,LS,0.0016511564481993
1979-11-01,training,LS,0.0094642870655233
1979-12-01,training,LS,0.0068530997090723
1980-01-01,training,LS,0.0043001161314664
1980-02-01,training,LS,-0.0003523879028234
1980-03-01,training,LS,0.0121213676053791
1980-04-01,training,LS,0.0077603826121421
1980-05-01,training,LS,0.0020813431344364
1980-06-01,training,LS,0.0092692862742616
1980-07-01,training,LS,0.0095326197156963
1980-08-01,training,LS,0.0070281283775164
1980-09-01,training,LS,0.0070541558429402
1980-10-01,training,LS,0.0086716425807698
1980-11-01,training,LS,0.0018090030935928
1980-12-01,training,LS,0.0040706871074846
1981-01-01,training,LS,0.0003264385863032
1981-02-01,training,LS,0.0043370222438459
1981-03-01,training,LS,0.0051197454336828
1981-04-01,training,LS,0.0046817086064165
1981-05-01,training,LS,0.0026954229808995
1981-06-01,training,LS,0.0132835886929546
1981-07-01,training,LS,0.0050958234517868
1981-08-01,training,LS,0.0057653852382572
1981-09-01,training,LS,0.0066959783686024
1981-10-01,training,LS,0.0107237958046059
1981-11-01,training,LS,0.0040618041314432
1981-12-01,training,LS,0.0101291337757128
1982-01-01,training,LS,0.0070938977133615
1982-02-01,training,LS,0.00965404625658
1982-03-01,training,LS,0.0039985799251167
1982-04-01,training,LS,0.0053438756498832
1982-05-01,training,LS,0.0089117761179262
1982-06-01,training,LS,0.0101963656875559
1982-07-01,training,LS,0.0026134652059449
1982-08-01,training,LS,0.0005030781878645
1982-09-01,training,LS,0.0135016434913624
1982-10-01,training,LS,0.008205425089161
1982-11-01,training,LS,0.0011063804240144
1982-12-01,training,LS,0.003734095783758
1983-01-01,training,LS,0.0061659724900206
1983-02-01,training,LS,0.0138777667359186
1983-03-01,training,LS,0.002135289505991
1983-04-01,training,LS,0.0067094133408407
1983-05-01,training,LS,0.000150009322995
1983-06-01,training,LS,0.0028836919942373
1983-07-01,training,LS,0.0077050922313918
1983-08-01,training,LS,0.00626142683633
1983-09-01,training,LS,0.0087168965447615
1983-10-01,training,LS,0.0058149213721703
1983-11-01,training,LS,0.0028715633274894
1983-12-01,training,LS,0.0094132108515873
1984-01-01,training,LS,0.0059230206750654
1984-02-01,training,LS,-0.000123027880278
1984-03-01,training,LS,0.0066128302786267
1984-04-01,training,LS,0.0090374367666204
1984-05-01,training,LS,0.0094569947026066
1984-06-01,training,LS,0.0052282495272993
1984-07-01,training,LS,0.0079245849174835
1984-08-01,training,LS,0.0050652025087559
1984-09-01,training,LS,0.0128959298771011
1984-10-01,training,LS,0.0058159138198988
1984-11-01,training,LS,0.0097055421272503
1984-12-01,training,LS,0.003730337453853
1985-01-01,training,LS,0.008226045599818
1985-02-01,training,LS,0.0077576288496374
1985-03-01,training,LS,0.0102898908136401
1985-04-01,training,LS,0.0096592409801538
1985-05-01,training,LS,0.0069619594554756
1985-06-01,training,LS,0.005643628871393
1985-07-01,training,LS,0.0008178207657154
1985-08-01,training,LS,0.0069759303397317
1985-09-01,training,LS,0.0070211489713107
1985-10-01,training,LS,0.004918344309369
1985-11-01,training,LS,0.0077869445522044
1985-12-01,training,LS,0.0099025622479635
1986-01-01,training,LS,0.0076752146765885
1986-02-01,training,LS,0.0081629803802535
1986-03-01,training,LS,0.0048307563903622
1986-04-01,training,LS,0.0083433334575551
1986-05-01,training,LS,0.0054135324038318
1986-06-01,training,LS,0.0089883536605865
1986-07-01,training,LS,0.0092028934428806
1986-08-01,training,LS,0.0106245937543806
1986-09-01,training,LS,0.0035538540259262
1986-10-01,training,LS,0.0121085038063327
1986-11-01,training,LS,0.0026244909266214
1986-12-01,training,LS,0.0035345451751323
1987-01-01,validation,LS,0.0016572077660767
1987-02-01,validation,LS,0.0031387335393874
1987-03-01,validation,LS,0.0048683237771357
1987-04-01,validation,LS,0.0016828268896406
1987-05-01,validation,LS,-0.0034103607532961
1987-06-01,validation,LS,0.0037651434616608
1987-07-01,validation,LS,-0.0024826671768032
1987-08-01,validation,LS,0.0029491722327557
1987-09-01,validation,LS,0.0085621492421391
1987-10-01,validation,LS,0.0119987635781578
1987-11-01,validation,LS,0.0063707516822902
1987-12-01,validation,LS,0.0070067414661001
1988-01-01,validation,LS,0.0124577802281837
1988-02-01,validation,LS,0.006313241370011
1988-03-01,validation,LS,0.012706629735169
1988-04-01,validation,LS,0.0076624234254735
1988-05-01,validation,LS,0.0081746554660937
1988-06-01,validation,LS,0.0053773333899776
1988-07-01,validation,LS,0.0095509321895115
1988-08-01,validation,LS,-0.0019680329600893
1988-09-01,validation,LS,0.0001557769702319
1988-10-01,validation,LS,0.002579102233863
1988-11-01,validation,LS,0.0071534678517772
1988-12-01,validation,LS,0.0053982457811875
1989-01-01,validation,LS,-0.0017069606723568
1989-02-01,validation,LS,0.0062817771416175
1989-03-01,validation,LS,0.0015144275622609
1989-04-01,validation,LS,0.0074850861027257
1989-05-01,validation,LS,0.0020568816199163
1989-06-01,validation,LS,0.0041017525606592
1989-07-01,validation,LS,0.0023976778678282
1989-08-01,validation,LS,-0.0049466386472633
1989-09-01,validation,LS,0.000226412153899
1989-10-01,validation,LS,0.0037763004821249
1989-11-01,validation,LS,-0.0023010840441711
1989-12-01,validation,LS,0.003519338307354
1990-01-01,validation,LS,0.0100139979409627
1990-02-01,validation,LS,0.0051279959964058
1990-03-01,validation,LS,0.0084625243581512
1990-04-01,validation,LS,0.0013069266048639
1990-05-01,validation,LS,0.0004313106026795
1990-06-01,validation,LS,0.005274407480069
1990-07-01,validation,LS,0.0109219138419451
1990-08-01,validation,LS,-0.0038873079537841
1990-09-01,validation,LS,0.002403721902152
1990-10-01,validation,LS,0.0038163081999582
1990-11-01,validation,LS,0.0072258273053965
1990-12-01,validation,LS,0.006116947490138
1991-01-01,validation,LS,0.01172654340347
1991-02-01,validation,LS,-0.0056712330359687
1991-03-01,validation,LS,0.005977138605427
1991-04-01,validation,LS,0.0052131169885839
1991-05-01,validation,LS,0.0066166265062236
1991-06-01,validation,LS,0.0085179929779446
1991-07-01,validation,LS,0.0086778340722933
1991-08-01,validation,LS,-0.0054322130473457
1991-09-01,validation,LS,0.0049226030954222
1991-10-01,validation,LS,-0.0120927164928825
1991-11-01,validation,LS,-0.0033729744620024
1991-12-01,validation,LS,0.0048149319775883
1992-01-01,test,LS,0.0075314320461797
1992-02-01,test,LS,0.0047818506948875
1992-03-01,test,LS,0.0030551645689884
1992-04-01,test,LS,0.0088974947201743
1992-05-01,test,LS,0.0057191418910849
1992-06-01,test,LS,0.0095833727721337
1992-07-01,test,LS,0.012520937282747
1992-08-01,test,LS,0.0071115343364736
1992-09-01,test,LS,0.0034385332619792
1992-10-01,test,LS,0.0046461408612271
1992-11-01,test,LS,0.01094653913154
1992-12-01,test,LS,0.0130982714220092
1993-01-01,test,LS,0.0183069340273896
1993-02-01,test,LS,0.0065168723119566
1993-03-01,test,LS,0.0062678076257837
1993-04-01,test,LS,0.0087012802965723
1993-05-01,test,LS,-0.0043346318867253
1993-06-01,test,LS,0.0071470193095454
1993-07-01,test,LS,0.0066304486753761
1993-08-01,test,LS,0.0130587300801009
1993-09-01,test,LS,0.0051078252363532
1993-10-01,test,LS,0.0054761794396687
1993-11-01,test,LS,0.0009275285955419
1993-12-01,test,LS,0.0111084366945249
1994-01-01,test,LS,-0.0009468332756725
1994-02-01,test,LS,0.0001662873074676
1994-03-01,test,LS,0.0095458297864225
1994-04-01,test,LS,0.0090479814713387
1994-05-01,test,LS,-0.004641595237787
1994-06-01,test,LS,0.0054136907868723
1994-07-01,test,LS,0.0002717890905369
1994-08-01,test,LS,0.0025731332228314
1994-09-01,test,LS,0.0050316560414742
1994-10-01,test,LS,0.0064327051423165
1994-11-01,test,LS,0.0069702903988993
1994-12-01,test,LS,0.0092104189706997
1995-01-01,test,LS,0.0097399230996296
1995-02-01,test,LS,-0.0006061439556028
1995-03-01,test,LS,0.0022590508717328
1995-04-01,test,LS,0.0024642512885808
1995-05-01,test,LS,-5.029608932777122e-05
1995-06-01,test,LS,0.0083194624305042
1995-07-01,test,LS,0.0039781214120181
1995-08-01,test,LS,0.0063067752014181
1995-09-01,test,LS,-0.00210518567112
1995-10-01,test,LS,0.0091669011081042
1995-11-01,test,LS,0.002049781231949
1995-12-01,test,LS,0.0063958313022711
1996-01-01,test,LS,-0.0017586364712896
1996-02-01,test,LS,0.0045980145240442
1996-03-01,test,LS,-0.0050041715755699
1996-04-01,test,LS,0.0054009124666786
1996-05-01,test,LS,-0.0065931822071808
1996-06-01,test,LS,0.0113440940762453
1996-07-01,test,LS,0.0087997413383194
1996-08-01,test,LS,0.0078278708317128
1996-09-01,test,LS,0.0010430888139857
1996-10-01,test,LS,0.0081610010373505
1996-11-01,test,LS,0.0060484458391401
1996-12-01,test,LS,0.0111202401609253
1997-01-01,test,LS,0.0130905151803421
1997-02-01,test,LS,0.004348564004983
1997-03-01,test,LS,0.010165124196324
1997-04-01,test,LS,0.003373749555082
1997-05-01,test,LS,-0.0063727670012611
1997-06-01,test,LS,0.0171893818179385
1997-07-01,test,LS,0.0035621970841819
1997-08-01,test,LS,0.0033487769305283
1997-09-01,test,LS,-0.0003860373837764
1997-10-01,test,LS,0.0070117282116614
1997-11-01,test,LS,0.008243879611953
1997-12-01,test,LS,0.0118043406069846
1998-01-01,test,LS,0.0098881982643631
1998-02-01,test,LS,0.0048561702749446
1998-03-01,test,LS,-0.0013244816547152
1998-04-01,test,LS,0.0133816700336224
1998-05-01,test,LS,0.0121879576385831
1998-06-01,test,LS,0.0012636545030746
1998-07-01,test,LS,0.0098472835363391
1998-08-01,test,LS,0.0134462861977586
1998-09-01,test,LS,0.0091939542937026
1998-10-01,test,LS,0.0101391397400754
1998-11-01,test,LS,0.0100622317711295
1998-12-01,test,LS,0.0031674090386955
1999-01-01,test,LS,-0.0022678136135354
1999-02-01,test,LS,0.0065656073246495
1999-03-01,test,LS,0.0028315338829315
1999-04-01,test,LS,-0.0045189765249683
1999-05-01,test,LS,0.0085235613891823
1999-06-01,test,LS,0.0036292904536392
1999-07-01,test,LS,0.0034784285231638
1999-08-01,test,LS,0.0061673258498137
1999-09-01,test,LS,0.006299309870087
1999-10-01,test,LS,0.0025982787233489
1999-11-01,test,LS,-0.0176120847896315
1999-12-01,test,LS,-0.0130490358459495
2000-01-01,test,LS,-0.0005382183974024
2000-02-01,test,LS,-0.0533539895819478
2000-03-01,test,LS,0.0268443942922264
2000-04-01,test,LS,0.0398666493459713
2000-05-01,test,LS,0.008978635133515
2000-06-01,test,LS,0.0145974871929625
2000-07-01,test,LS,0.0121946878069005
2000-08-01,test,LS,0.0124328240105024
2000-09-01,test,LS,0.0119217828189563
2000-10-01,test,LS,0.0091958888216969
2000-11-01,test,LS,-0.0049412779836343
2000-12-01,test,LS,0.0144744759234098
2001-01-01,test,LS,0.0202534539627936
2001-02-01,test,LS,0.0269297490037744
2001-03-01,test,LS,0.0055537804425095
2001-04-01,test,LS,0.013976019906366
2001-05-01,test,LS,0.0061045438737416
2001-06-01,test,LS,0.0084543730584426
2001-07-01,test,LS,0.0118355416099269
2001-08-01,test,LS,0.0083280976505148
2001-09-01,test,LS,0.0066046395652165
2001-10-01,test,LS,-0.008236092095621
2001-11-01,test,LS,-0.0131175506601276
2001-12-01,test,LS,0.0010029928323618
2002-01-01,test,LS,0.0178189935810762
2002-02-01,test,LS,0.0157580400241287
2002-03-01,test,LS,0.0033847288048993
2002-04-01,test,LS,0.0220611967044352
2002-05-01,test,LS,0.0047406028477578
2002-06-01,test,LS,0.016217779466912
2002-07-01,test,LS,0.013994585466394
2002-08-01,test,LS,0.0033138637067667
2002-09-01,test,LS,0.0172272974267333
2002-10-01,test,LS,-0.0046375437489568
2002-11-01,test,LS,-0.0337404951835432
2002-12-01,test,LS,0.031492321956435
2003-01-01,test,LS,0.0016204042664428
2003-02-01,test,LS,0.0007613646962286
2003-03-01,test,LS,-0.0019293135129384
2003-04-01,test,LS,-0.0128261931672788
2003-05-01,test,LS,-0.0103250667403707
2003-06-01,test,LS,-0.0001639159553273
2003-07-01,test,LS,-0.0048590764144682
2003-08-01,test,LS,0.0012207183197401
2003-09-01,test,LS,-0.0022071142744862
2003-10-01,test,LS,-0.0087425746383657
2003-11-01,test,LS,-0.0052073854208801
2003-12-01,test,LS,0.0122367631758022
2004-01-01,test,LS,-0.0107289202734885
2004-02-01,test,LS,0.0047924985436392
2004-03-01,test,LS,-0.0040097019180711
2004-04-01,test,LS,0.002851751280056
2004-05-01,test,LS,-0.0013543976245626
2004-06-01,test,LS,0.0071264481318886
2004-07-01,test,LS,0.0131298964408354
2004-08-01,test,LS,0.001183139514915
2004-09-01,test,LS,0.0033970889233887
2004-10-01,test,LS,-0.005723269998791
2004-11-01,test,LS,-0.0058377603007746
2004-12-01,test,LS,-0.006027562348625
2005-01-01,test,LS,0.0189928130953007
2005-02-01,test,LS,0.0027150123583547
2005-03-01,test,LS,0.0012842028608331
2005-04-01,test,LS,0.0038832930807015
2005-05-01,test,LS,0.0015773452653376
2005-06-01,test,LS,0.0075394483634625
2005-07-01,test,LS,-0.0004778572400074
2005-08-01,test,LS,0.0044918817214127
2005-09-01,test,LS,-0.0002521611376674
2005-10-01,test,LS,0.0041520942361925
2005-11-01,test,LS,-0.0013551568557224
2005-12-01,test,LS,0.0079799315892546
2006-01-01,test,LS,0.0010242358769624
2006-02-01,test,LS,0.0019632485886425
2006-03-01,test,LS,-0.005605469215924
2006-04-01,test,LS,0.0002424111245098
2006-05-01,test,LS,0.0038185447727512
2006-06-01,test,LS,0.0019260993524032
2006-07-01,test,LS,0.0059169501355071
2006-08-01,test,LS,0.0018391315458891
2006-09-01,test,LS,0.0028648699054816
2006-10-01,test,LS,0.0028946880938307
2006-11-01,test,LS,-0.0043476637194885
2006-12-01,test,LS,0.0030184010203722
2007-01-01,test,LS,0.0032718097622221
2007-02-01,test,LS,0.0008703239951855
2007-03-01,test,LS,0.0044413899821064
2007-04-01,test,LS,0.0042627212077993
2007-05-01,test,LS,0.003302822938123
2007-06-01,test,LS,0.0043800080804713
2007-07-01,test,LS,-0.0086693561302736
2007-08-01,test,LS,-0.0046435408371893
2007-09-01,test,LS,-0.0002425020761124
2007-10-01,test,LS,0.0022291305867128
2007-11-01,test,LS,-0.0027466838338997
2007-12-01,test,LS,0.001125078311549
2008-01-01,test,LS,0.0007681685464537
2008-02-01,test,LS,0.0138653267256613
2008-03-01,test,LS,-0.0051519962039244
2008-04-01,test,LS,0.0043403231766304
2008-05-01,test,LS,0.0035589438206873
2008-06-01,test,LS,0.0017981504762152
2008-07-01,test,LS,0.0009754669657152
2008-08-01,test,LS,-0.0097352871233127
2008-09-01,test,LS,-0.0013069508951559
2008-10-01,test,LS,0.0028734829244987
2008-11-01,test,LS,0.0087180392515767
2008-12-01,test,LS,0.0282509063833301
2009-01-01,test,LS,0.015715942560848
2009-02-01,test,LS,0.0002308993379888
2009-03-01,test,LS,0.0132613702554321
2009-04-01,test,LS,-0.0142551961656639
2009-05-01,test,LS,-0.0066113116885592
2009-06-01,test,LS,0.009664669636331
2009-07-01,test,LS,0.0010362820151
2009-08-01,test,LS,-0.01095573126253
2009-09-01,test,LS,-0.0128227901587339
2009-10-01,test,LS,0.0068336488838396
2009-11-01,test,LS,0.0013223479546428
2009-12-01,test,LS,0.0013405644223552
2010-01-01,test,LS,0.0024221411469223
2010-02-01,test,LS,0.0023281251359407
2010-03-01,test,LS,0.0039418070129233
2010-04-01,test,LS,-0.0006768285704129
2010-05-01,test,LS,0.0011520715353009
2010-06-01,test,LS,0.0002346804461645
2010-07-01,test,LS,-0.0002720817408167
2010-08-01,test,LS,0.0032832793723861
2010-09-01,test,LS,0.0020073885112982
2010-10-01,test,LS,7.527847242370442e-05
2010-11-01,test,LS,0.0004166136656564
2010-12-01,test,LS,-0.0067402708605252
2011-01-01,test,LS,0.0015111950881369
2011-02-01,test,LS,-0.007438185563638
2011-03-01,test,LS,0.0055758527183671
2011-04-01,test,LS,0.0040686688400179
2011-05-01,test,LS,0.0041753116675758
2011-06-01,test,LS,0.0054776298491398
2011-07-01,test,LS,0.0021482661573865
2011-08-01,test,LS,-0.0006631419505856
2011-09-01,test,LS,0.0026614999600831
2011-10-01,test,LS,0.0191741427818784
2011-11-01,test,LS,0.0030693169629918
2011-12-01,test,LS,-0.0011559309984215
2012-01-01,test,LS,0.004475319754989
2012-02-01,test,LS,0.0002843122889373
2012-03-01,test,LS,0.0022327648102312
2012-04-01,test,LS,0.0102870169848863
2012-05-01,test,LS,0.003600314554601
2012-06-01,test,LS,-0.0010014095164158
2012-07-01,test,LS,0.0041501212983393
2012-08-01,test,LS,-0.0011676867309848
2012-09-01,test,LS,0.0036677904860882
2012-10-01,test,LS,0.0064974061917933
2012-11-01,test,LS,0.0005503239615886
2012-12-01,test,LS,-0.0042841963611149
2013-01-01,test,LS,0.0007837495477988
2013-02-01,test,LS,0.0037956670086743
2013-03-01,test,LS,0.0006471359192713
2013-04-01,test,LS,0.009776382949649
2013-05-01,test,LS,0.0016414056202212
2013-06-01,test,LS,0.0057198654126111
2013-07-01,test,LS,-0.0007487722241879
2013-08-01,test,LS,0.0048877506209167
2013-09-01,test,LS,-0.0035653449824096
2013-10-01,test,LS,0.0065516262775839
2013-11-01,test,LS,0.0036989562952262
2013-12-01,test,LS,-0.0034508203239917
2014-01-01,test,LS,0.0019978667527418
2014-02-01,test,LS,-0.0046555356821648
2014-03-01,test,LS,0.0038917423795978
2014-04-01,test,LS,0.0047811808462076
2014-05-01,test,LS,0.0022762422146732
2014-06-01,test,LS,-0.0002360359239824
2014-07-01,test,LS,0.0099094863495469
2014-08-01,test,LS,-0.0048622734119851
2014-09-01,test,LS,-0.0005432755261846
2014-10-01,test,LS,0.0077527692661599
2014-11-01,test,LS,0.0017343671435368
2014-12-01,test,LS,-0.0015369155647919
2015-01-01,test,LS,0.0045743829078779
2015-02-01,test,LS,-0.0037589023124541
2015-03-01,test,LS,0.008794500870567
2015-04-01,test,LS,-0.0020356759144538
2015-05-01,test,LS,0.0173277215479584
2015-06-01,test,LS,0.0032211927473286
2015-07-01,test,LS,0.0045503351205451
2015-08-01,test,LS,-0.0023487921573172
2015-09-01,test,LS,0.0103625065700088
2015-10-01,test,LS,0.001862642152922
2015-11-01,test,LS,-0.0050374552130708
2015-12-01,test,LS,0.0029355506165331
2016-01-01,test,LS,0.0040523901065653
2016-02-01,test,LS,-0.0041418126088304
2016-03-01,test,LS,-0.0035580322556907
2016-04-01,test,LS,-0.0190687678698487
2016-05-01,test,LS,0.0126383444316416
2016-06-01,test,LS,-0.0089986468643053
2016-07-01,test,LS,-0.0129182850417641
2016-08-01,test,LS,0.0026755036531273
2016-09-01,test,LS,0.0038908789594745
2016-10-01,test,LS,0.0181853776360925
2016-11-01,test,LS,-0.0001230159996683
2016-12-01,test,LS,0.0005972729206139
