date,factor_return,gross_exposure,net_exposure,n_stocks,split,model
1967-01-01,0.018766646204722643,1.0,0.01391466664552188,430,Training,EN
1967-02-01,0.008300711480521656,0.9999999999999999,0.01333402081686054,430,Training,EN
1967-03-01,0.01633369129087554,1.0000000000000002,0.014077348766433297,431,Training,EN
1967-04-01,0.005838600401526459,0.9999999999999999,0.013938552830877316,436,Training,EN
1967-05-01,0.014204431131897505,1.0,0.014599415199980266,435,Training,EN
1967-06-01,0.007392186850061097,0.9999999999999998,0.015009011670155665,437,Training,EN
1967-07-01,0.007468579619094733,0.9999999999999998,0.014104090526628131,553,Training,EN
1967-08-01,0.01035554550273169,1.0,0.013394973188494953,762,Training,EN
1967-09-01,0.01556814086666094,1.0,0.013538032936205183,767,Training,EN
1967-10-01,0.0036014446811320016,1.0000000000000002,0.014079003557591717,774,Training,EN
1967-11-01,0.0042760940644154056,1.0,0.013911025282592243,776,Training,EN
1967-12-01,0.016985099181649276,0.9999999999999999,0.013216327941875161,778,Training,EN
1968-01-01,0.02550472814028901,1.0000000000000002,0.013314410893294625,780,Training,EN
1968-02-01,0.0014278018224328694,1.0,0.014437119995618305,783,Training,EN
1968-03-01,-0.0022523175005019157,0.9999999999999999,0.012601864783828147,778,Training,EN
1968-04-01,0.012045011295541242,1.0,0.012426544065273567,782,Training,EN
1968-05-01,0.013218188896391026,1.0,0.01312956014267343,791,Training,EN
1968-06-01,0.019354553062232625,1.0,0.014071497207687585,799,Training,EN
1968-07-01,0.013626332443914466,1.0,0.014419761444733187,902,Training,EN
1968-08-01,0.0109794462861479,1.0,0.014384440212705065,903,Training,EN
1968-09-01,0.011571573681459947,0.9999999999999998,0.013800507620872898,907,Training,EN
1968-10-01,0.015430561350489307,1.0000000000000002,0.01339111592829208,917,Training,EN
1968-11-01,0.006699597336472891,1.0,0.01352667110454386,922,Training,EN
1968-12-01,0.020733470940645853,1.0,0.012810135225278857,928,Training,EN
1969-01-01,0.007171314546018235,1.0,0.013432227834901877,934,Training,EN
1969-02-01,0.012864445544720035,1.0,0.012799045724393781,940,Training,EN
1969-03-01,0.007830685702039228,1.0,0.013085719118967377,946,Training,EN
1969-04-01,-0.0009914149045762706,0.9999999999999998,0.012942342380348873,949,Training,EN
1969-05-01,0.009822144476604082,0.9999999999999999,0.012288430420695712,960,Training,EN
1969-06-01,-0.00236707547256624,1.0,0.013263460591259688,967,Training,EN
1969-07-01,0.00473433380563581,0.9999999999999999,0.014337770288235348,997,Training,EN
1969-08-01,0.012888700476053297,1.0,0.014386075656627549,1004,Training,EN
1969-09-01,0.011265894838791425,1.0000000000000002,0.013571708507664154,1010,Training,EN
1969-10-01,0.003910714628991908,1.0,0.014113692183433888,1016,Training,EN
1969-11-01,0.018768460268168762,1.0,0.0125028656664131,1019,Training,EN
1969-12-01,-0.0034375714396091047,1.0,0.01472477723449525,1025,Training,EN
1970-01-01,0.04027454053189466,1.0,0.014849078887241884,1030,Training,EN
1970-02-01,0.0071996870068151255,0.9999999999999999,0.013479124927478717,1032,Training,EN
1970-03-01,0.01762629486038316,1.0,0.012552087921866321,1039,Training,EN
1970-04-01,0.012154092722221184,1.0,0.013725049483385201,1044,Training,EN
1970-05-01,0.004394818662092622,1.0,0.015310346249349653,1047,Training,EN
1970-06-01,0.035745541554635,1.0,0.013223069439401398,1051,Training,EN
1970-07-01,0.025657254593670565,0.9999999999999999,0.015301869568902657,1062,Training,EN
1970-08-01,-0.00048160284680614054,1.0,0.013146540673761187,1060,Training,EN
1970-09-01,-0.021129550021315183,0.9999999999999999,0.011692512362178858,1045,Training,EN
1970-10-01,0.051882149675694725,1.0000000000000002,0.011023177469537552,1052,Training,EN
1970-11-01,0.012301860633209497,0.9999999999999999,0.015332427315153396,1083,Training,EN
1970-12-01,0.018441728496810195,0.9999999999999999,0.013758996904404462,1089,Training,EN
1971-01-01,-0.006426226562317775,1.0,0.012832653762635869,1100,Training,EN
1971-02-01,-0.008603847006614833,0.9999999999999998,0.010932407022364046,1101,Training,EN
1971-03-01,0.0041469230924591,1.0,0.01231454570399619,1103,Training,EN
1971-04-01,0.006948788560052071,0.9999999999999999,0.012942426346043562,1106,Training,EN
1971-05-01,0.008357167689200142,0.9999999999999999,0.013278947764729853,1097,Training,EN
1971-06-01,0.01573591831381156,1.0,0.014230058749806119,1107,Training,EN
1971-07-01,0.015185581342834344,1.0,0.014723933705813874,1144,Training,EN
1971-08-01,0.0159035462377909,0.9999999999999999,0.01469141448588959,1146,Training,EN
1971-09-01,0.016472230857963607,1.0,0.01372825668724541,1146,Training,EN
1971-10-01,0.01041538272472122,1.0,0.01433394189002523,1168,Training,EN
1971-11-01,0.006807068771047757,1.0,0.015114435430885687,1174,Training,EN
1971-12-01,0.008749760811350532,1.0,0.013859296830536737,1178,Training,EN
1972-01-01,-0.0035317705548801167,0.9999999999999999,0.012995569263561962,1182,Training,EN
1972-02-01,0.0038148104313853928,1.0,0.011965519450677396,1187,Training,EN
1972-03-01,0.022057017485013135,1.0,0.013650185704059185,1187,Training,EN
1972-04-01,0.0068333998321180025,1.0,0.014483177710806162,1190,Training,EN
1972-05-01,0.004528901787506906,0.9999999999999999,0.013806850549602758,1197,Training,EN
1972-06-01,0.0070970642977842115,1.0,0.01419720060232657,1204,Training,EN
1972-07-01,0.006340040515392424,1.0,0.014703698342526338,1242,Training,EN
1972-08-01,0.005374195509038503,0.9999999999999999,0.014925443020342637,1237,Training,EN
1972-09-01,0.007460187834295205,0.9999999999999999,0.01371366042845219,1246,Training,EN
1972-10-01,0.013417002987808959,0.9999999999999999,0.014113665315555605,1261,Training,EN
1972-11-01,0.012431381156244037,0.9999999999999999,0.014849478949493384,1268,Training,EN
1972-12-01,0.021369791470203278,1.0,0.013560212362588177,1232,Training,EN
1973-01-01,0.014240939786160792,1.0000000000000002,0.015298341125099217,1237,Training,EN
1973-02-01,-0.000832613822172923,1.0,0.014340706961691957,1289,Training,EN
1973-03-01,0.01198765519522549,1.0,0.014743509504700244,1293,Training,EN
1973-04-01,0.019741715074767602,0.9999999999999999,0.014270590505955432,1301,Training,EN
1973-05-01,0.009877625402049233,1.0,0.015306663748032445,1304,Training,EN
1973-06-01,0.016040953130621007,1.0,0.014753609175149389,1306,Training,EN
1973-07-01,0.008086787526326265,1.0,0.014283656307454148,1326,Training,EN
1973-08-01,0.01923523138895252,1.0,0.012052360869941794,1336,Training,EN
1973-09-01,0.005230693278298227,1.0,0.014267493820398769,1339,Training,EN
1973-10-01,0.018464870752848684,1.0,0.013059340887293672,1347,Training,EN
1973-11-01,0.012419474773429258,1.0,0.0144922958891312,1351,Training,EN
1973-12-01,0.027945093507653417,1.0,0.015480062003280125,1359,Training,EN
1974-01-01,0.04420730372519799,0.9999999999999999,0.014672886481518724,1367,Training,EN
1974-02-01,0.006483463762559643,1.0,0.01181809942959659,1370,Training,EN
1974-03-01,0.014920039437972423,1.0,0.013731026106154695,1381,Training,EN
1974-04-01,0.01283609883255571,1.0,0.014165060504954302,1394,Training,EN
1974-05-01,0.014691395745676895,1.0000000000000002,0.014270870659477504,1402,Training,EN
1974-06-01,0.017713509367758798,1.0,0.014260739288752938,1404,Training,EN
1974-07-01,0.023172292214373277,1.0,0.014639142597432252,1407,Training,EN
1974-08-01,0.020415314397125735,0.9999999999999999,0.015226704369206734,1414,Training,EN
1974-09-01,0.026923053501570277,1.0,0.01453835776843208,1413,Training,EN
1974-10-01,0.035930376513012015,1.0,0.014889361921458778,1427,Training,EN
1974-11-01,0.014922796991960852,1.0,0.01320306161868971,1424,Training,EN
1974-12-01,0.008484094920332794,0.9999999999999999,0.013641465870179389,1410,Training,EN
1975-01-01,0.05409112327229213,0.9999999999999998,0.013440056534310853,1421,Training,EN
1975-02-01,0.002903984239996131,1.0,0.011468621289463661,1426,Training,EN
1975-03-01,0.002459875010176719,1.0,0.01249475865665976,1431,Training,EN
1975-04-01,0.019240759727301614,1.0,0.012525246693792878,1448,Training,EN
1975-05-01,0.003224478403288299,1.0,0.013458597999903869,1461,Training,EN
1975-06-01,0.0013574001376129702,0.9999999999999999,0.012947316785635767,1468,Training,EN
1975-07-01,0.015908193016531874,1.0,0.013323364176786999,1474,Training,EN
1975-08-01,0.013613487543780736,1.0,0.01422796284558634,1426,Training,EN
1975-09-01,0.01440129882578222,0.9999999999999998,0.013638474645086999,1428,Training,EN
1975-10-01,0.001802183871454372,1.0,0.015485628415647292,1478,Training,EN
1975-11-01,-0.006374038624773845,1.0,0.014027123666184221,1482,Training,EN
1975-12-01,0.012704912349653456,1.0,0.014136025360757518,1482,Training,EN
1976-01-01,0.032186418179395986,1.0,0.013590911699177961,1446,Training,EN
1976-02-01,-0.024541870546314487,1.0,0.013290661047619369,1461,Training,EN
1976-03-01,0.011730822063357441,0.9999999999999999,0.014350712479987853,1446,Training,EN
1976-04-01,0.006698118116656099,1.0,0.013236398409266888,1373,Training,EN
1976-05-01,-0.00023157702512762511,1.0,0.014037122664982795,1347,Training,EN
1976-06-01,-0.0035472030583518113,0.9999999999999999,0.013560293984800065,1393,Training,EN
1976-07-01,0.015721111238888634,1.0000000000000002,0.01393783400631914,1429,Training,EN
1976-08-01,0.003044310834960944,1.0,0.01402084732767424,1335,Training,EN
1976-09-01,0.00856604946320678,1.0,0.013763084587681653,1263,Training,EN
1976-10-01,0.010476508015686652,0.9999999999999999,0.013968805222131337,1230,Training,EN
1976-11-01,0.01423466210160911,1.0,0.013727916880984297,1290,Training,EN
1976-12-01,0.024720780051471575,1.0000000000000002,0.013906940741560507,1312,Training,EN
1977-01-01,0.032553068950880636,0.9999999999999999,0.013704476850116217,1304,Training,EN
1977-02-01,0.015298135866380078,0.9999999999999999,0.015347424635358894,1301,Training,EN
1977-03-01,0.008083779832759604,1.0,0.014301879756828902,1308,Training,EN
1977-04-01,0.011457242789545399,1.0000000000000002,0.013780496881434864,1323,Training,EN
1977-05-01,0.014753247187869658,1.0,0.014048741528178638,1309,Training,EN
1977-06-01,0.0042602915898844835,1.0,0.014234990645367922,1308,Training,EN
1977-07-01,0.008829968975725471,1.0,0.014076620679812581,1325,Training,EN
1977-08-01,0.002307156057554676,1.0,0.013765220561711951,1334,Training,EN
1977-09-01,0.013970412377724967,0.9999999999999999,0.013181397313023523,1321,Training,EN
1977-10-01,0.010227717330539897,1.0,0.014333040551000566,1308,Training,EN
1977-11-01,0.02767691821576715,1.0,0.013417060747899952,1319,Training,EN
1977-12-01,0.013444817311283028,1.0,0.014169005546189665,1316,Training,EN
1978-01-01,0.01260447243761129,1.0,0.013874975105221959,1415,Training,EN
1978-02-01,0.020362163947308127,0.9999999999999998,0.012770627443490648,1407,Training,EN
1978-03-01,0.0025500867481930197,1.0,0.014731139232459155,1359,Training,EN
1978-04-01,0.004495319808148728,1.0,0.01367684504162844,1364,Training,EN
1978-05-01,0.01976281818362312,1.0,0.013038261931331287,1411,Training,EN
1978-06-01,0.011848706982465,1.0,0.013958793033212603,1404,Training,EN
1978-07-01,0.012313576750379421,0.9999999999999998,0.013905631348544764,1392,Training,EN
1978-08-01,0.017435042074510142,0.9999999999999999,0.013805105987218307,1369,Training,EN
1978-09-01,0.01066793513096403,0.9999999999999999,0.014222283024824431,1377,Training,EN
1978-10-01,-0.014415665171512148,0.9999999999999999,0.012963228772162293,1386,Training,EN
1978-11-01,0.045527932281136586,0.9999999999999999,0.01266884844969041,1375,Training,EN
1978-12-01,0.014174470048747645,1.0,0.01441635623416803,1375,Training,EN
1979-01-01,0.02962562304431045,0.9999999999999999,0.014303628928808104,1373,Training,EN
1979-02-01,0.0035847404802479372,1.0,0.013206930293745213,1365,Training,EN
1979-03-01,0.006164123174675785,1.0,0.013705078543151995,1363,Training,EN
1979-04-01,0.014077822150812179,1.0,0.013908065598549752,1312,Training,EN
1979-05-01,0.005265358232805642,0.9999999999999999,0.015293551782718717,1320,Training,EN
1979-06-01,-0.0010261108449042913,1.0,0.014099801483679144,1372,Training,EN
1979-07-01,0.010502705972964484,1.0,0.013670086691135543,1343,Training,EN
1979-08-01,0.006596963150497846,0.9999999999999999,0.014329477538539928,1329,Training,EN
1979-09-01,0.008117041433251334,0.9999999999999999,0.013772821380839961,1352,Training,EN
1979-10-01,-0.0010897664347776922,1.0,0.014415228860652381,1379,Training,EN
1979-11-01,0.013460729930933753,1.0,0.014087871415561186,1376,Training,EN
1979-12-01,0.000870619192049145,1.0,0.014663390899289412,1334,Training,EN
1980-01-01,0.006077156544304348,1.0,0.014277117140186061,1334,Training,EN
1980-02-01,0.0013147430947116506,0.9999999999999999,0.014186729039051766,1368,Training,EN
1980-03-01,0.017264485620799023,1.0,0.014429280999068613,1366,Training,EN
1980-04-01,0.0332614828886469,0.9999999999999999,0.014434744229332367,1364,Training,EN
1980-05-01,0.00945454177033052,1.0,0.014636665582360712,1361,Training,EN
1980-06-01,0.018243794534289162,0.9999999999999998,0.013853675570155106,1362,Training,EN
1980-07-01,0.01028283334296275,1.0,0.014968374542218103,1359,Training,EN
1980-08-01,0.011375939422457272,1.0,0.014142614815786301,1351,Training,EN
1980-09-01,0.012668608743270486,0.9999999999999999,0.01474662576577686,1347,Training,EN
1980-10-01,0.014407784182104385,0.9999999999999999,0.014846743776535856,1349,Training,EN
1980-11-01,-0.013659749127304038,1.0,0.015094649471613725,1347,Training,EN
1980-12-01,0.016450908064731092,1.0,0.01433435099495316,1344,Training,EN
1981-01-01,0.00627154071763786,0.9999999999999999,0.01453684507769369,1344,Training,EN
1981-02-01,-0.0037638391931285975,1.0,0.01359135017406068,1352,Training,EN
1981-03-01,0.00872096418763958,1.0,0.014228397721119354,1353,Training,EN
1981-04-01,0.008001363976594785,0.9999999999999999,0.014335281087582403,1361,Training,EN
1981-05-01,-0.007303784640749028,1.0,0.01468905938082369,1357,Training,EN
1981-06-01,0.01669471249243024,1.0,0.01460428375094146,1355,Training,EN
1981-07-01,0.0025473185805040253,1.0,0.015018063011548394,1342,Training,EN
1981-08-01,0.009203967829951327,1.0,0.013961304827942009,1336,Training,EN
1981-09-01,0.020571814150490125,0.9999999999999999,0.014726311075552393,1454,Training,EN
1981-10-01,0.02339812628981345,1.0,0.0152250772883295,1425,Training,EN
1981-11-01,0.01506178712450746,0.9999999999999998,0.013612113014350532,1433,Training,EN
1981-12-01,0.013784490082718884,1.0,0.013698954553056378,1462,Training,EN
1982-01-01,0.016753714348817318,0.9999999999999999,0.014216553507729773,1451,Training,EN
1982-02-01,0.00926980052782489,1.0,0.013865477322146012,1368,Training,EN
1982-03-01,0.01036478951157508,1.0,0.014572639857373466,1373,Training,EN
1982-04-01,0.008489504140005651,1.0,0.014085741728176657,1423,Training,EN
1982-05-01,0.018116450822531115,1.0,0.01334628913317553,1414,Training,EN
1982-06-01,0.018696716158091195,1.0,0.014584759270993019,1435,Training,EN
1982-07-01,0.009408787113123894,1.0,0.014496255367745202,1423,Training,EN
1982-08-01,-0.0035004073145369456,1.0,0.014211555870507382,1422,Training,EN
1982-09-01,0.03347691289819172,1.0,0.012412919638183641,1417,Training,EN
1982-10-01,0.010601420224035407,1.0,0.014736951842975894,1417,Training,EN
1982-11-01,0.0060711801947983144,1.0,0.012600930107579254,1423,Training,EN
1982-12-01,0.011427136784641299,1.0,0.013870376383457027,1419,Training,EN
1983-01-01,-0.006082847720441452,1.0,0.013525229583810945,1980,Training,EN
1983-02-01,0.025184271414628794,1.0,0.012362705114552269,2120,Training,EN
1983-03-01,0.014634944969854147,1.0,0.014568903778226564,2145,Training,EN
1983-04-01,0.009800405716050188,1.0,0.014138071150670006,2145,Training,EN
1983-05-01,-0.00016486578832813065,0.9999999999999999,0.013452925355264754,2138,Training,EN
1983-06-01,0.01673900261599907,1.0,0.013063571559840156,2138,Training,EN
1983-07-01,0.012969962256114078,0.9999999999999999,0.014147502239396644,2155,Training,EN
1983-08-01,-0.001125043979032957,0.9999999999999999,0.014413969671204842,2159,Training,EN
1983-09-01,0.020784060107707447,1.0,0.013263773321246668,2154,Training,EN
1983-10-01,0.007786543704644533,1.0,0.014460298540272292,2156,Training,EN
1983-11-01,0.013769338242051662,1.0,0.014486468473635203,2167,Training,EN
1983-12-01,0.016964566173067425,0.9999999999999999,0.013118642836608355,2177,Training,EN
1984-01-01,0.012676500943153037,1.0,0.014200749466799405,2164,Training,EN
1984-02-01,0.003177236937262778,1.0,0.013157973066478729,2158,Training,EN
1984-03-01,0.014764088427645124,1.0,0.014093299970558075,2161,Training,EN
1984-04-01,0.012372939490770642,0.9999999999999998,0.013323582374318662,2155,Training,EN
1984-05-01,0.020803344835283587,1.0,0.014231433074619692,2154,Training,EN
1984-06-01,0.016692015135180305,1.0,0.014910541211166257,2149,Training,EN
1984-07-01,0.01565376113064235,1.0,0.01334742673695638,2132,Training,EN
1984-08-01,0.0077192810063472644,1.0,0.01487573546651367,2118,Training,EN
1984-09-01,0.022913901949814876,1.0,0.012122473510031536,2067,Training,EN
1984-10-01,0.020528456246971354,0.9999999999999999,0.014468004413047266,2061,Training,EN
1984-11-01,0.018872794827267225,1.0,0.014553522627448011,2079,Training,EN
1984-12-01,0.01728018014006578,1.0,0.014582931595319041,2075,Training,EN
1985-01-01,-0.003255400500456637,0.9999999999999999,0.013889970125368226,2076,Training,EN
1985-02-01,0.009546177273103838,1.0,0.011936216516471782,2075,Training,EN
1985-03-01,0.02291655523260176,1.0,0.013900305413329702,2088,Training,EN
1985-04-01,0.014509109012586008,1.0,0.014752382980533977,2091,Training,EN
1985-05-01,0.009092781474146255,1.0,0.014576604025584444,2079,Training,EN
1985-06-01,0.0037922495149801476,0.9999999999999998,0.01409878062888247,2072,Training,EN
1985-07-01,0.005234992693715386,1.0,0.014686676873826158,2079,Training,EN
1985-08-01,0.015348669449599141,1.0,0.013576839491130342,2019,Training,EN
1985-09-01,0.013125588543156784,1.0,0.014077669107893036,2018,Training,EN
1985-10-01,0.01981014381627941,0.9999999999999999,0.015621750146613165,2064,Training,EN
1985-11-01,0.011496797992884987,1.0,0.014092626132676232,2067,Training,EN
1985-12-01,0.013735284059006486,0.9999999999999999,0.013731426203454354,2085,Training,EN
1986-01-01,0.007791645200448833,0.9999999999999998,0.014321105398501833,2102,Training,EN
1986-02-01,0.0010645348241921568,1.0,0.013059451020858351,2113,Training,EN
1986-03-01,0.006336442969025808,1.0,0.013672491037955148,2107,Training,EN
1986-04-01,0.010549821337151648,1.0,0.013556395930776441,2119,Training,EN
1986-05-01,0.006442310785519698,1.0,0.01374604666734546,2134,Training,EN
1986-06-01,0.0095320453622817,1.0,0.013727815674702977,2136,Training,EN
1986-07-01,0.01441183778306284,1.0,0.015076947700512428,2141,Training,EN
1986-08-01,0.013583709129267834,1.0,0.015545680735017713,2161,Training,EN
1986-09-01,0.0035905849190275706,0.9999999999999999,0.013615993713099924,2159,Training,EN
1986-10-01,0.02560780578400228,1.0,0.013717059267219358,2153,Training,EN
1986-11-01,0.01082373933546633,1.0,0.014327893261946228,2148,Training,EN
1986-12-01,0.013356030058319304,1.0,0.014134629654739871,2125,Training,EN
1987-01-01,0.007833236738093299,1.0,0.014153407208093879,2131,Validation,EN
1987-02-01,-0.0016067876398143058,1.0000000000000002,0.013334725994806389,2130,Validation,EN
1987-03-01,0.0028586389794923225,1.0,0.01327126159784915,2125,Validation,EN
1987-04-01,-0.0005602192554301109,0.9999999999999999,0.01392066311236386,2118,Validation,EN
1987-05-01,0.00010012145663028836,1.0000000000000002,0.013892876094041318,2112,Validation,EN
1987-06-01,0.007620118534746784,1.0,0.013838392026867707,2107,Validation,EN
1987-07-01,-0.0003883169394039048,0.9999999999999999,0.014792851467005173,2106,Validation,EN
1987-08-01,0.02072590811401124,1.0,0.014209951316694973,2108,Validation,EN
1987-09-01,0.008307111722803483,1.0,0.01513455503485657,2105,Validation,EN
1987-10-01,0.016991132634395237,1.0,0.014738077562622073,2098,Validation,EN
1987-11-01,0.025723740941941017,0.9999999999999998,0.016193635956674612,2086,Validation,EN
1987-12-01,0.03878859800820994,0.9999999999999999,0.015326864496089557,2115,Validation,EN
1988-01-01,0.0223746493516219,1.0000000000000002,0.014533809981220698,2135,Validation,EN
1988-02-01,0.013011936059859348,1.0,0.012594337329097646,2133,Validation,EN
1988-03-01,0.01307487466785252,1.0,0.013203235179871866,2126,Validation,EN
1988-04-01,0.007404305141830504,0.9999999999999999,0.01371729408236781,2125,Validation,EN
1988-05-01,0.00590944514515636,1.0,0.013744254461409696,2124,Validation,EN
1988-06-01,0.000280236280492905,1.0,0.014090008246019095,2121,Validation,EN
1988-07-01,0.006534302584980776,0.9999999999999999,0.014007749590467706,2138,Validation,EN
1988-08-01,0.002995500999800938,1.0,0.014114977995572391,2149,Validation,EN
1988-09-01,0.007271993490732689,1.0,0.014157829880006863,2174,Validation,EN
1988-10-01,0.011598202492643397,1.0,0.014342815749430771,2184,Validation,EN
1988-11-01,0.0180075512764884,1.0000000000000002,0.014623621569522481,2196,Validation,EN
1988-12-01,0.011683993620263074,0.9999999999999999,0.01561568385496855,2208,Validation,EN
1989-01-01,0.0035884452760775636,1.0,0.014154858361131058,2236,Validation,EN
1989-02-01,0.015075134244818196,1.0,0.013519261197652562,2239,Validation,EN
1989-03-01,0.00838644658884447,1.0,0.014077692793522003,2241,Validation,EN
1989-04-01,0.007106294971996911,1.0,0.014338688494902304,2245,Validation,EN
1989-05-01,-0.0049873470882899305,1.0,0.014341009355950318,2240,Validation,EN
1989-06-01,0.012878795581132071,1.0,0.014132723490806508,2241,Validation,EN
1989-07-01,0.014637476414830526,1.0,0.014524988633734663,2225,Validation,EN
1989-08-01,0.008290243662495526,0.9999999999999999,0.014695496871488398,2225,Validation,EN
1989-09-01,0.008128340502574072,1.0,0.013922781775953994,2225,Validation,EN
1989-10-01,0.006744696608491093,1.0,0.014196165055894534,2220,Validation,EN
1989-11-01,0.0018532892196236807,1.0,0.014956944077462793,2212,Validation,EN
1989-12-01,0.009486972959505345,0.9999999999999999,0.014261915294327743,2209,Validation,EN
1990-01-01,0.016581278351185037,0.9999999999999999,0.015064789862760646,2206,Validation,EN
1990-02-01,0.011120058395210294,1.0,0.013266680808530166,2204,Validation,EN
1990-03-01,0.012706375898167423,1.0,0.013611452399810728,2198,Validation,EN
1990-04-01,0.011103957386079374,1.0,0.014109937377653895,2203,Validation,EN
1990-05-01,0.013306410800510683,1.0,0.014204390172786947,2197,Validation,EN
1990-06-01,0.004370575449828332,1.0,0.014227012773690172,2207,Validation,EN
1990-07-01,0.020431438694158272,1.0,0.014010248917951173,2205,Validation,EN
1990-08-01,0.014717096820368229,1.0,0.014684488786552524,2204,Validation,EN
1990-09-01,0.0051821462497880335,1.0,0.015002656741619705,2209,Validation,EN
1990-10-01,0.026759809122672434,1.0,0.014487808832154633,2209,Validation,EN
1990-11-01,0.016625025794068327,1.0,0.014050966819543993,2224,Validation,EN
1990-12-01,0.0181168433310129,1.0,0.013661965604982307,2232,Validation,EN
1991-01-01,-0.006960711633503217,1.0,0.014613376952237097,2245,Validation,EN
1991-02-01,-0.00895932793268341,1.0000000000000002,0.012585162578657265,2244,Validation,EN
1991-03-01,-0.006326860195918857,1.0,0.012637038129644878,2257,Validation,EN
1991-04-01,0.011884719487341957,1.0,0.0129737650624227,2263,Validation,EN
1991-05-01,0.010382419982164125,1.0,0.013401381066791673,2284,Validation,EN
1991-06-01,0.0026578292938056044,0.9999999999999999,0.013709289589581293,2299,Validation,EN
1991-07-01,0.01693761320109274,1.0000000000000002,0.014001344243621311,2327,Validation,EN
1991-08-01,-0.0019780526297756167,0.9999999999999998,0.014304369787852943,2339,Validation,EN
1991-09-01,0.007268032161023008,1.0,0.014230658750224442,2353,Validation,EN
1991-10-01,0.004133344940535807,1.0,0.01508504113630425,2367,Validation,EN
1991-11-01,0.000941394303202306,0.9999999999999998,0.014907042043148992,2382,Validation,EN
1991-12-01,0.03349973506902377,1.0,0.01473740892987555,2397,Validation,EN
1992-01-01,0.01967463761240916,0.9999999999999999,0.015470601748284815,2421,Test,EN
1992-02-01,-0.023725983507985125,1.0,0.013056676212676373,2430,Test,EN
1992-03-01,0.00831387684281918,1.0,0.013665521986917428,2441,Test,EN
1992-04-01,0.007906309898515353,1.0,0.014663794951630353,2451,Test,EN
1992-05-01,0.006417998055041791,1.0000000000000002,0.014874145391812999,2454,Test,EN
1992-06-01,0.00781751535963267,1.0,0.014199365251409947,2474,Test,EN
1992-07-01,0.017269081678067677,1.0,0.015003246842127787,2486,Test,EN
1992-08-01,0.01855843520791527,1.0,0.01432948371415968,2507,Test,EN
1992-09-01,0.010581517066173572,1.0,0.015186722709498522,2526,Test,EN
1992-10-01,0.006465755415397435,1.0,0.01471525200181364,2548,Test,EN
1992-11-01,0.00689686958863254,1.0,0.014355684630508967,2561,Test,EN
1992-12-01,0.016352783375983882,1.0,0.0143065647036711,2555,Test,EN
1993-01-01,0.00883902805456788,1.0,0.014581849456738195,2555,Test,EN
1993-02-01,0.004292933302659412,1.0,0.013998286228602195,2543,Test,EN
1993-03-01,0.015511253491126326,1.0,0.014424876748977584,2541,Test,EN
1993-04-01,0.0016021679191707586,1.0,0.014907701160143666,2545,Test,EN
1993-05-01,-0.00040544101641934563,1.0,0.014617504492261044,2549,Test,EN
1993-06-01,0.007069874321441979,1.0,0.013818101928996521,2558,Test,EN
1993-07-01,0.0060947191250563726,1.0000000000000002,0.014664916156298582,2566,Test,EN
1993-08-01,-0.0008700823629544532,0.9999999999999999,0.014425831012864359,2558,Test,EN
1993-09-01,0.007171578632234166,1.0,0.014623209156391015,2552,Test,EN
1993-10-01,-0.0004160406298556504,1.0,0.014928301280335492,2554,Test,EN
1993-11-01,0.0016249374931022222,1.0,0.013732780234573194,2574,Test,EN
1993-12-01,0.021021201053561856,1.0,0.014181489884444575,2576,Test,EN
1994-01-01,0.003850684608599579,1.0,0.01485097201741086,2581,Test,EN
1994-02-01,-0.004717774271414872,1.0,0.013875079130267552,2578,Test,EN
1994-03-01,0.01116694738719084,1.0,0.014094458212735986,2580,Test,EN
1994-04-01,0.015521417071986458,0.9999999999999998,0.014122002181277023,2578,Test,EN
1994-05-01,0.006524442224044149,1.0,0.014436292565195366,2587,Test,EN
1994-06-01,0.010766206941109946,0.9999999999999999,0.013938306384228367,2596,Test,EN
1994-07-01,0.008803220643097838,0.9999999999999998,0.014730663584543105,2615,Test,EN
1994-08-01,0.010539386074089566,1.0,0.014126977865252244,2627,Test,EN
1994-09-01,0.00846630292821466,1.0,0.014072664648117284,2619,Test,EN
1994-10-01,0.010060355048112452,1.0000000000000002,0.013895246386231599,2617,Test,EN
1994-11-01,0.016403904946538626,1.0,0.014302345719725619,2619,Test,EN
1994-12-01,0.02622281757410177,1.0,0.014923336709132099,2609,Test,EN
1995-01-01,0.016821826313656755,0.9999999999999999,0.014499865696567353,2610,Test,EN
1995-02-01,0.010618260713407615,0.9999999999999999,0.013377206920084286,2604,Test,EN
1995-03-01,0.008944799842241098,1.0,0.013910153048256648,2599,Test,EN
1995-04-01,0.010412160345022632,0.9999999999999999,0.0141329519189437,2602,Test,EN
1995-05-01,0.0033714809057331617,1.0,0.014351099390301795,2617,Test,EN
1995-06-01,0.006068107695595586,0.9999999999999999,0.014091254565326877,2622,Test,EN
1995-07-01,0.007580846013799586,1.0,0.014133528054930395,2623,Test,EN
1995-08-01,0.012704346058842563,1.0,0.014201658096660939,2627,Test,EN
1995-09-01,0.011224552882011836,0.9999999999999998,0.013982574930721501,2629,Test,EN
1995-10-01,0.023475665924348594,1.0,0.014608853716348907,2625,Test,EN
1995-11-01,0.012578999981437461,1.0,0.015530503294579227,2610,Test,EN
1995-12-01,0.006368449765122061,1.0,0.01420355431199064,2604,Test,EN
1996-01-01,0.007642948688230645,1.0,0.01458813251697997,2596,Test,EN
1996-02-01,0.007993318658984856,1.0,0.013237697332010582,2589,Test,EN
1996-03-01,-0.003823251840756936,1.0,0.013604982621735198,2582,Test,EN
1996-04-01,0.0004097454249037966,1.0000000000000002,0.013431044767869296,2588,Test,EN
1996-05-01,-0.010860817090225697,1.0,0.013106909156466087,2592,Test,EN
1996-06-01,0.016703175584377627,1.0,0.013409389907963488,2607,Test,EN
1996-07-01,0.00931123548448076,1.0,0.014419864815841843,2634,Test,EN
1996-08-01,0.01592716929509013,1.0,0.014792137043635299,2641,Test,EN
1996-09-01,0.005937312755172997,1.0,0.013456166336045723,2647,Test,EN
1996-10-01,0.015684955870474124,1.0,0.013824476639295695,2645,Test,EN
1996-11-01,0.00538632721885357,0.9999999999999999,0.014503373659534927,2661,Test,EN
1996-12-01,0.014031635808095574,0.9999999999999999,0.013822080233638468,2658,Test,EN
1997-01-01,0.01812931243328545,0.9999999999999999,0.014262772742304431,2660,Test,EN
1997-02-01,0.01877453216562099,1.0,0.012859614504184711,2668,Test,EN
1997-03-01,0.017757595321882452,1.0,0.013886483300504852,2674,Test,EN
1997-04-01,0.01253833678659427,1.0,0.01465422739728105,2701,Test,EN
1997-05-01,0.009599690439559353,0.9999999999999999,0.01390326200871259,2716,Test,EN
1997-06-01,0.010571994923091714,1.0,0.013069673813457623,2718,Test,EN
1997-07-01,-0.00028698916969280167,1.0,0.013991343733166014,2731,Test,EN
1997-08-01,-0.0022286319737905946,0.9999999999999999,0.013487955271027878,2720,Test,EN
1997-09-01,0.007795113868161353,1.0,0.013368607155412668,2713,Test,EN
1997-10-01,0.010666646749184886,1.0,0.013341022597436589,2700,Test,EN
1997-11-01,0.014094001120823613,1.0,0.014156889912434313,2714,Test,EN
1997-12-01,0.013000135080956684,1.0,0.01474580681241883,2703,Test,EN
1998-01-01,0.01600340772918246,1.0,0.015058025628385738,2702,Test,EN
1998-02-01,0.012786794727052275,0.9999999999999999,0.012628876987834966,2699,Test,EN
1998-03-01,0.007452417048488004,1.0,0.013335828300771777,2697,Test,EN
1998-04-01,0.00200467374505216,0.9999999999999999,0.013401947023415435,2715,Test,EN
1998-05-01,0.016747275652543747,1.0,0.013436802119565319,2719,Test,EN
1998-06-01,0.009139025364733138,1.0000000000000002,0.014879435280665043,2720,Test,EN
1998-07-01,0.006873407194522438,1.0,0.014909202312536838,2743,Test,EN
1998-08-01,0.023889189423272034,0.9999999999999999,0.014822613264506023,2751,Test,EN
1998-09-01,0.028316145356000143,0.9999999999999999,0.015803598591122816,2754,Test,EN
1998-10-01,0.012917994207076984,1.0,0.012848809023283985,2755,Test,EN
1998-11-01,0.014859698491943447,1.0,0.01298872131948522,2764,Test,EN
1998-12-01,0.008768612203006034,1.0,0.014034169265142083,2781,Test,EN
1999-01-01,0.006832008098192827,1.0,0.01449738370953909,2793,Test,EN
1999-02-01,0.015538788484878437,1.0,0.012508808498319653,2791,Test,EN
1999-03-01,-0.0035338344706710993,1.0,0.013691796746604623,2780,Test,EN
1999-04-01,-0.018247784528155186,0.9999999999999998,0.01341908370037486,2794,Test,EN
1999-05-01,0.007135205357028664,1.0,0.012208417634104997,2796,Test,EN
1999-06-01,0.007215782373305417,1.0,0.012886296767569017,2789,Test,EN
1999-07-01,0.012759556462764145,1.0,0.01406155861247024,2762,Test,EN
1999-08-01,0.004159903888205717,1.0,0.014523769768067497,2739,Test,EN
1999-09-01,0.0034583253299695685,1.0,0.014765595269876173,2721,Test,EN
1999-10-01,0.02785198182246957,1.0,0.014328009030151197,2714,Test,EN
1999-11-01,0.00612698543631214,0.9999999999999999,0.015004922430676861,2703,Test,EN
1999-12-01,-0.022289810251436202,1.0,0.013838020664708855,2696,Test,EN
2000-01-01,0.002699842156757888,1.0,0.013825489371849752,2698,Test,EN
2000-02-01,-0.07493934217329334,1.0,0.012890593974313514,2683,Test,EN
2000-03-01,0.044946928116754055,1.0,0.013647341523715915,2680,Test,EN
2000-04-01,0.002342769028791172,1.0,0.013838784553470027,2678,Test,EN
2000-05-01,-0.01672924607103966,1.0,0.01431064103946398,2670,Test,EN
2000-06-01,0.04456911031149112,1.0,0.014593153017401298,2661,Test,EN
2000-07-01,0.02844858752127482,1.0,0.013990226837506392,2675,Test,EN
2000-08-01,0.019374172907802082,1.0,0.014122982325259116,2665,Test,EN
2000-09-01,0.01779037963902295,1.0,0.013955524025137193,2646,Test,EN
2000-10-01,0.013792284215795491,0.9999999999999999,0.014904057855340453,2632,Test,EN
2000-11-01,-0.002563005794349658,1.0,0.014622695930158271,2618,Test,EN
2000-12-01,-0.0019158195071123923,1.0,0.015603081048788828,2615,Test,EN
2001-01-01,0.055638084242420345,1.0,0.014533210183024208,2622,Test,EN
2001-02-01,0.04889556289050718,0.9999999999999999,0.011412227513178334,2613,Test,EN
2001-03-01,-0.0014116746127175736,1.0,0.014986805737346903,2614,Test,EN
2001-04-01,0.019252109362046677,0.9999999999999999,0.01431541020310422,2611,Test,EN
2001-05-01,0.00813900471225276,1.0,0.012945257164332436,2601,Test,EN
2001-06-01,0.0022043934076640746,1.0,0.013435565743611516,2614,Test,EN
2001-07-01,0.020561635952489936,1.0,0.013810442253039111,2636,Test,EN
2001-08-01,0.009663516860188893,1.0,0.014530898032085342,2614,Test,EN
2001-09-01,0.023821432262235803,1.0,0.014968559141202183,2623,Test,EN
2001-10-01,0.0192683815113788,1.0,0.015512378262293791,2623,Test,EN
2001-11-01,-0.007703342612712421,0.9999999999999999,0.013227326903687515,2630,Test,EN
2001-12-01,-0.0023124140736729207,1.0,0.013259346021739005,2649,Test,EN
2002-01-01,0.020075056303768102,1.0,0.013479420024182684,2662,Test,EN
2002-02-01,0.017713965287291945,0.9999999999999999,0.013840389947573218,2658,Test,EN
2002-03-01,0.001404273864803853,1.0,0.015017101326333125,2664,Test,EN
2002-04-01,0.015036907226283435,1.0,0.013021083172642483,2663,Test,EN
2002-05-01,0.005570865521047224,1.0,0.014413750036266696,2655,Test,EN
2002-06-01,0.020988030132406646,0.9999999999999998,0.014512021975623677,2651,Test,EN
2002-07-01,0.03368210281669498,0.9999999999999998,0.01614055548671206,2684,Test,EN
2002-08-01,0.01818460829635502,1.0,0.01590133231349951,2695,Test,EN
2002-09-01,0.022693716538706797,1.0,0.014206143137181201,2699,Test,EN
2002-10-01,0.020416806445956476,0.9999999999999999,0.01574281312853714,2688,Test,EN
2002-11-01,-0.053040205762691923,1.0,0.013518759728736009,2705,Test,EN
2002-12-01,0.06445766953099674,1.0,0.012018251270375886,2707,Test,EN
2003-01-01,0.010049522049854724,1.0,0.016319517018823348,2693,Test,EN
2003-02-01,0.0007354535967265767,1.0,0.01376562652642066,2684,Test,EN
2003-03-01,0.00020225821115444704,1.0,0.01389178212258962,2684,Test,EN
2003-04-01,-0.019716322100380677,0.9999999999999998,0.014016534326798882,2681,Test,EN
2003-05-01,-0.03562633543237751,1.0,0.012407446059927734,2690,Test,EN
2003-06-01,-0.009323011386879956,0.9999999999999998,0.01210229517258759,2692,Test,EN
2003-07-01,-0.011137103854166686,0.9999999999999999,0.013633968197652753,2748,Test,EN
2003-08-01,-0.005718486819803041,1.0,0.0138956057358914,2752,Test,EN
2003-09-01,0.012347798737023966,1.0,0.013833439749734786,2666,Test,EN
2003-10-01,-0.008404413063467009,0.9999999999999998,0.015135332581093569,2654,Test,EN
2003-11-01,-0.007664972167971669,1.0,0.014350174374615436,2722,Test,EN
2003-12-01,0.0015524545018574724,1.0,0.014550114604531,2707,Test,EN
2004-01-01,0.016598937938867495,0.9999999999999999,0.014252889664221056,2694,Test,EN
2004-02-01,0.003972600823624567,1.0,0.014759456317972573,2688,Test,EN
2004-03-01,0.003835134479229518,1.0,0.014758012344847823,2693,Test,EN
2004-04-01,-0.005446257341263479,1.0,0.015298446670652959,2688,Test,EN
2004-05-01,0.008419299069441097,1.0,0.014894382757949468,2692,Test,EN
2004-06-01,0.006645586592706099,1.0,0.01473574526287733,2689,Test,EN
2004-07-01,0.0027729142603756963,1.0,0.014843043491458102,2726,Test,EN
2004-08-01,0.008115751265449568,1.0,0.01550247435673329,2740,Test,EN
2004-09-01,0.013958273860556723,1.0000000000000002,0.015326997834298048,2753,Test,EN
2004-10-01,0.0057386291505648005,1.0,0.014650574649523396,2759,Test,EN
2004-11-01,0.0016318960145346834,1.0,0.01461356486540873,2770,Test,EN
2004-12-01,-0.0036997487870381687,1.0,0.013973327953966181,2779,Test,EN
2005-01-01,0.022389985665361448,1.0,0.013835868957380426,2776,Test,EN
2005-02-01,-0.002838431471261416,1.0,0.016075957054909624,2769,Test,EN
2005-03-01,0.0044823708812288775,1.0,0.014936549706209978,2786,Test,EN
2005-04-01,0.007803347671712317,1.0,0.015258533047216317,2793,Test,EN
2005-05-01,0.00918005393992188,1.0,0.015777248391207543,2797,Test,EN
2005-06-01,0.004895039378504476,0.9999999999999999,0.0140519966296921,2793,Test,EN
2005-07-01,-0.0007015916634358037,1.0,0.013867042014871427,2815,Test,EN
2005-08-01,0.0064141382147892174,1.0,0.013826907730749955,2818,Test,EN
2005-09-01,-0.0019019930347381482,1.0000000000000002,0.014935973870282936,2826,Test,EN
2005-10-01,0.00722342338931774,1.0,0.014657193774778147,2822,Test,EN
2005-11-01,0.007305795283595244,1.0,0.015076493623336764,2815,Test,EN
2005-12-01,-6.220177594603203e-05,0.9999999999999999,0.014137709855636508,2809,Test,EN
2006-01-01,-0.004810325769858492,1.0000000000000002,0.014472612000168469,2801,Test,EN
2006-02-01,0.008956987436139057,1.0,0.013646769854296999,2789,Test,EN
2006-03-01,-0.0031776462652280263,0.9999999999999998,0.014547441687816355,2783,Test,EN
2006-04-01,-0.0010348405160797809,1.0,0.014444538611842547,2773,Test,EN
2006-05-01,0.0033708556733581803,1.0,0.015001847916003492,2762,Test,EN
2006-06-01,0.0037334670040094498,1.0,0.015199346260850897,2753,Test,EN
2006-07-01,0.011532452687074141,1.0,0.015419297548347784,2749,Test,EN
2006-08-01,0.01453415589103339,0.9999999999999999,0.015370563890210884,2744,Test,EN
2006-09-01,0.006476384498761534,1.0,0.014363636993684916,2737,Test,EN
2006-10-01,0.0027061739479461284,1.0,0.014912626670273288,2724,Test,EN
2006-11-01,-0.0023834620937066885,1.0,0.014523796323265122,2712,Test,EN
2006-12-01,0.010473614159709472,1.0,0.014041658086708552,2697,Test,EN
2007-01-01,0.000628629390861374,0.9999999999999999,0.01498252270155501,2675,Test,EN
2007-02-01,0.004580152563419167,1.0,0.013750883536061026,2666,Test,EN
2007-03-01,0.005838617619732579,1.0,0.01392759923253144,2646,Test,EN
2007-04-01,0.0033230678126456876,1.0,0.014881933990982161,2627,Test,EN
2007-05-01,0.0026408631236658248,1.0,0.014686021454587824,2614,Test,EN
2007-06-01,-0.00048396682418534064,0.9999999999999999,0.014752665630298705,2588,Test,EN
2007-07-01,-0.00647340498693786,1.0,0.014584597992467632,2569,Test,EN
2007-08-01,0.004484422358382175,1.0,0.014714048174901132,2552,Test,EN
2007-09-01,0.0024479364948071488,1.0,0.015060493923088756,2532,Test,EN
2007-10-01,-0.002529527125554881,0.9999999999999999,0.014785954716474436,2507,Test,EN
2007-11-01,0.007838545329919318,1.0,0.014872434344022805,2489,Test,EN
2007-12-01,0.008530655174674683,1.0,0.01607423275653932,2469,Test,EN
2008-01-01,0.01364188300400717,0.9999999999999998,0.014853473776348238,2470,Test,EN
2008-02-01,0.022956031604239317,1.0,0.013589974428355502,2460,Test,EN
2008-03-01,0.009559723006330935,1.0,0.014880409644872649,2446,Test,EN
2008-04-01,0.014883977650439278,0.9999999999999999,0.015025655247313715,2437,Test,EN
2008-05-01,-0.006254151853154613,0.9999999999999998,0.014628675647744522,2417,Test,EN
2008-06-01,-0.007798458464806038,0.9999999999999999,0.01432268488516073,2401,Test,EN
2008-07-01,0.02845310185271786,1.0,0.014973118585040444,2398,Test,EN
2008-08-01,0.0006252205398432174,0.9999999999999998,0.014613875484232486,2391,Test,EN
2008-09-01,0.005010785823628072,0.9999999999999999,0.01395409282198842,2384,Test,EN
2008-10-01,0.01935018315016225,1.0,0.015437920843000446,2371,Test,EN
2008-11-01,0.015879076287697896,1.0,0.015764269814914862,2363,Test,EN
2008-12-01,0.03792871874491439,1.0,0.015641451994160838,2363,Test,EN
2009-01-01,0.013570671647492394,1.0,0.014093490556767356,2362,Test,EN
2009-02-01,0.0022323665710783044,0.9999999999999998,0.013094728793100923,2353,Test,EN
2009-03-01,-0.003545395125779312,0.9999999999999999,0.014285339728851158,2337,Test,EN
2009-04-01,-0.08845131153774306,1.0,0.012993006248751377,2328,Test,EN
2009-05-01,-0.02433190358638212,1.0,0.011518779644109594,2326,Test,EN
2009-06-01,0.0028865008831351086,1.0,0.012504667342522624,2319,Test,EN
2009-07-01,0.0019192799195994878,1.0,0.014318781368033493,2328,Test,EN
2009-08-01,-0.02572773035455642,1.0,0.012982869194046308,2332,Test,EN
2009-09-01,-0.016320116897023396,1.0,0.0126674454355245,2334,Test,EN
2009-10-01,0.014704725445883098,1.0,0.013240071834618776,2337,Test,EN
2009-11-01,0.0015252642490317938,1.0,0.015125766370163732,2328,Test,EN
2009-12-01,-0.0015138439524578769,1.0,0.014907863558685308,2328,Test,EN
2010-01-01,0.002079539948965981,1.0,0.014244404727568619,2330,Test,EN
2010-02-01,0.006010679682273651,0.9999999999999999,0.014338481502278339,2317,Test,EN
2010-03-01,0.003953241355332348,1.0,0.014625897386513589,2312,Test,EN
2010-04-01,-0.017005708104597516,1.0,0.014681783672001042,2306,Test,EN
2010-05-01,0.002983423863798918,1.0,0.013589480884134175,2298,Test,EN
2010-06-01,0.001878073023535376,1.0,0.015841581033348876,2301,Test,EN
2010-07-01,0.014236419896525089,1.0,0.016302258931538756,2291,Test,EN
2010-08-01,0.007141629275911771,1.0,0.014024407944668067,2295,Test,EN
2010-09-01,0.015671383761779168,1.0,0.015253656366741822,2307,Test,EN
2010-10-01,-0.0023836363620182944,1.0,0.013838032178709762,2308,Test,EN
2010-11-01,0.0012516313974067787,1.0,0.014510145907684771,2304,Test,EN
2010-12-01,-0.008156581975310866,1.0,0.014733643508199442,2298,Test,EN
2011-01-01,-0.0029287664682457483,1.0,0.013068456458377276,2301,Test,EN
2011-02-01,-0.0005677680473776361,1.0,0.014223167110471956,2302,Test,EN
2011-03-01,0.0033958759913139034,1.0,0.014265061616621314,2303,Test,EN
2011-04-01,0.0029220323301204494,1.0,0.014876441412591536,2292,Test,EN
2011-05-01,0.00436997465439961,1.0,0.015039248223673479,2284,Test,EN
2011-06-01,0.0030337436341255106,1.0,0.015574103843851671,2270,Test,EN
2011-07-01,0.0012143509548777965,1.0,0.01576871885810324,2273,Test,EN
2011-08-01,0.017724881638091685,1.0,0.014569448324065343,2267,Test,EN
2011-09-01,0.003692159102598378,0.9999999999999999,0.016090413837223788,2264,Test,EN
2011-10-01,0.0428786752112927,1.0,0.01600756015977078,2258,Test,EN
2011-11-01,0.009862838362656154,1.0,0.013890661543561191,2260,Test,EN
2011-12-01,0.0059072342161999684,1.0,0.015027549310849863,2261,Test,EN
2012-01-01,0.003702128476722766,0.9999999999999999,0.014875613518534385,2258,Test,EN
2012-02-01,-0.002434614391838019,1.0,0.012840370655096429,2252,Test,EN
2012-03-01,0.006065947636060418,1.0,0.013818977500056352,2254,Test,EN
2012-04-01,0.005435982138927793,0.9999999999999999,0.014838207634920652,2253,Test,EN
2012-05-01,0.009025516268345132,1.0,0.015021790597264998,2256,Test,EN
2012-06-01,-0.0011111795538621184,1.0,0.015657215687629848,2259,Test,EN
2012-07-01,0.011691367610871164,1.0,0.014279814536477657,2254,Test,EN
2012-08-01,0.0007032906410188537,1.0,0.01449182315786222,2250,Test,EN
2012-09-01,-0.0007897430662099407,0.9999999999999999,0.014105554171012722,2261,Test,EN
2012-10-01,0.014103109843813974,1.0,0.013880124874511172,2245,Test,EN
2012-11-01,0.0051760277803179,0.9999999999999998,0.014881910180427626,2251,Test,EN
2012-12-01,-0.0065194057594249065,0.9999999999999999,0.014860695882178846,2246,Test,EN
2013-01-01,0.0019456214980229823,1.0,0.013533166369577534,2250,Test,EN
2013-02-01,0.005283680098444125,1.0,0.013531739236170693,2244,Test,EN
2013-03-01,-0.0034228039165146674,1.0,0.014938105165980336,2243,Test,EN
2013-04-01,0.0015224975292170055,1.0,0.014744591134923683,2230,Test,EN
2013-05-01,-0.0036117640740391446,1.0000000000000002,0.01473201952567964,2220,Test,EN
2013-06-01,-0.0014616586254725694,1.0,0.0136197446367076,2215,Test,EN
2013-07-01,0.004824953365122055,0.9999999999999999,0.014646971619800178,2207,Test,EN
2013-08-01,0.002122682066188962,1.0,0.014575771843810736,2200,Test,EN
2013-09-01,0.004352894306300866,1.0,0.014233667578570447,2196,Test,EN
2013-10-01,0.0067354662949617615,1.0,0.014677659426896734,2186,Test,EN
2013-11-01,0.006140587443314433,1.0,0.014576490326360115,2178,Test,EN
2013-12-01,-0.0033914294391970898,1.0000000000000002,0.015156200709254414,2164,Test,EN
2014-01-01,-0.010037978781429098,1.0000000000000002,0.013867643188905638,2157,Test,EN
2014-02-01,-0.0054260539947130725,1.0,0.013479040008066798,2139,Test,EN
2014-03-01,-0.0008241190109037278,1.0,0.014170401039199643,2135,Test,EN
2014-04-01,-0.0046728137978725845,1.0,0.014113838485342325,2127,Test,EN
2014-05-01,0.002102934969379807,1.0,0.014160131279595244,2121,Test,EN
2014-06-01,-0.003940332610672722,1.0,0.014537322224483859,2117,Test,EN
2014-07-01,0.0119566304960234,1.0,0.014073972151901946,2116,Test,EN
2014-08-01,-0.002857429723526667,1.0,0.015177378329127222,2111,Test,EN
2014-09-01,0.007170155003961532,0.9999999999999999,0.014355886229864995,2110,Test,EN
2014-10-01,0.012242459287742606,1.0,0.0157920389244313,2104,Test,EN
2014-11-01,0.00010763514005250531,1.0,0.015588424099854148,2103,Test,EN
2014-12-01,-0.013828769150105981,1.0,0.015460376010673895,2098,Test,EN
2015-01-01,0.01124833046359033,1.0000000000000002,0.014979196259115061,2094,Test,EN
2015-02-01,0.006748391490968837,1.0,0.01561344096151081,2078,Test,EN
2015-03-01,0.013147309379412843,1.0,0.013499061214211856,2077,Test,EN
2015-04-01,6.479557436621612e-05,0.9999999999999999,0.015065430445462078,2076,Test,EN
2015-05-01,0.027029452210982255,1.0,0.012889744607569748,2073,Test,EN
2015-06-01,0.0021107698960690577,0.9999999999999998,0.01597173389957682,2073,Test,EN
2015-07-01,0.014138465542666415,1.0000000000000002,0.015305921581754135,2057,Test,EN
2015-08-01,0.008099533140589775,1.0000000000000002,0.01662404561496386,2057,Test,EN
2015-09-01,0.024292039328169777,1.0,0.014133570176039263,2049,Test,EN
2015-10-01,0.01531008686885279,1.0,0.016319615236718158,2036,Test,EN
2015-11-01,0.008537285871965781,1.0,0.014325861967366599,2038,Test,EN
2015-12-01,0.02142945394651067,1.0,0.014812002303338337,2032,Test,EN
2016-01-01,0.015868927799667896,1.0,0.015467321333412276,2023,Test,EN
2016-02-01,0.0003690092797262372,1.0,0.015407988984591354,2013,Test,EN
2016-03-01,-0.015705789909608206,1.0,0.013266124901457333,2004,Test,EN
2016-04-01,-0.042621488696981236,1.0,0.012622963127526534,1988,Test,EN
2016-05-01,0.030033543595565246,1.0,0.012105361808780283,1976,Test,EN
2016-06-01,0.001956530900088358,1.0,0.015174021393886334,1971,Test,EN
2016-07-01,-0.008426003307147753,1.0,0.014201679996445978,1966,Test,EN
2016-08-01,-0.006248957553689618,1.0,0.013364264443470289,1955,Test,EN
2016-09-01,-0.00015592383451964987,1.0,0.014161399520230421,1942,Test,EN
2016-10-01,0.014002641618256834,0.9999999999999999,0.014077083031436767,1942,Test,EN
2016-11-01,0.004357145100089807,1.0,0.015881773276730522,1935,Test,EN
2016-12-01,0.0006097853697479658,0.9999999999999999,0.013825745480146449,1933,Test,EN
1967-01-01,0.003883482574391293,0.9999999999999998,-0.044080854948482275,430,Training,LS
1967-02-01,0.009030460391388828,1.0,-0.041370082002747624,430,Training,LS
1967-03-01,0.006952414192027691,1.0,-0.042030048125388075,431,Training,LS
1967-04-01,0.005159536984437265,1.0,-0.04355671731578491,436,Training,LS
1967-05-01,0.007113863513746649,1.0,-0.04258128299816853,435,Training,LS
1967-06-01,0.005165973009031235,0.9999999999999999,-0.040033273893387525,437,Training,LS
1967-07-01,0.0023819508696405547,1.0,-0.04171272446456073,553,Training,LS
1967-08-01,0.006328426117130365,1.0,-0.04131462481787077,762,Training,LS
1967-09-01,0.0040837961290805,1.0,-0.043154558397323003,767,Training,LS
1967-10-01,0.005104015932652586,1.0,-0.042367110651171005,774,Training,LS
1967-11-01,0.003062233993849771,1.0,-0.04185150207055851,776,Training,LS
1967-12-01,0.006883689966194849,1.0,-0.041223561297686194,778,Training,LS
1968-01-01,0.009865068566740572,1.0,-0.04242781665315461,780,Training,LS
1968-02-01,0.003916355376225006,1.0,-0.041298767826129124,783,Training,LS
1968-03-01,0.004339702407670186,1.0,-0.041558184781945014,778,Training,LS
1968-04-01,0.006273927619794286,1.0,-0.03887121175606177,782,Training,LS
1968-05-01,0.0037846071762247225,1.0,-0.03882889470220462,791,Training,LS
1968-06-01,0.009603791052950787,0.9999999999999999,-0.04082117340319925,799,Training,LS
1968-07-01,0.011107460570425474,0.9999999999999998,-0.04486148425054295,902,Training,LS
1968-08-01,0.006125706168501911,1.0,-0.042160085914326385,903,Training,LS
1968-09-01,0.008730130046006956,0.9999999999999998,-0.04330339095467434,907,Training,LS
1968-10-01,0.008669309783417532,1.0,-0.043077811382521106,917,Training,LS
1968-11-01,0.005695203539064414,0.9999999999999999,-0.042898533475861936,922,Training,LS
1968-12-01,0.0016653865109216965,0.9999999999999999,-0.04301344129051633,928,Training,LS
1969-01-01,0.012341719065398205,1.0,-0.04201559597831375,934,Training,LS
1969-02-01,0.004800766835528832,1.0,-0.0430609553997716,940,Training,LS
1969-03-01,0.004101015755016514,1.0,-0.042629079169596865,946,Training,LS
1969-04-01,0.0041794110476236395,1.0,-0.04262864768740959,949,Training,LS
1969-05-01,0.0031927391710375275,1.0,-0.04231534607774101,960,Training,LS
1969-06-01,0.0011269132462337966,1.0,-0.04263351721198143,967,Training,LS
1969-07-01,0.007711165448149922,1.0,-0.045001749931781736,997,Training,LS
1969-08-01,0.004156516595985317,1.0,-0.043232640325983424,1004,Training,LS
1969-09-01,0.003701531980248476,1.0,-0.04374994837029111,1010,Training,LS
1969-10-01,0.007949616903876895,1.0,-0.044188329809365025,1016,Training,LS
1969-11-01,0.009489932229131446,1.0,-0.04283955020746757,1019,Training,LS
1969-12-01,0.00730555377924746,1.0,-0.044419590005170394,1025,Training,LS
1970-01-01,0.012396722608209074,1.0000000000000002,-0.044889541623627766,1030,Training,LS
1970-02-01,0.010728771984846851,1.0,-0.04428730913716544,1032,Training,LS
1970-03-01,0.007182086002270437,1.0,-0.04512713690124929,1039,Training,LS
1970-04-01,0.008976654918562078,1.0,-0.04378451684354856,1044,Training,LS
1970-05-01,0.003265495582636984,1.0,-0.04282716936266638,1047,Training,LS
1970-06-01,0.002809883814723612,1.0,-0.04155968357140929,1051,Training,LS
1970-07-01,0.007234213220282297,1.0,-0.04461085496643484,1062,Training,LS
1970-08-01,0.00686543861358994,1.0,-0.0443481787815282,1060,Training,LS
1970-09-01,-0.0011489327193115607,1.0,-0.04510499874543124,1045,Training,LS
1970-10-01,0.010529085428025468,1.0,-0.04522660183443012,1052,Training,LS
1970-11-01,0.0018362706077481492,1.0,-0.044288162028176065,1083,Training,LS
1970-12-01,0.010181276146444498,1.0,-0.04468967525557983,1089,Training,LS
1971-01-01,0.006245995481396468,1.0,-0.04541713037249685,1100,Training,LS
1971-02-01,0.001174872978929459,1.0,-0.0465141612778418,1101,Training,LS
1971-03-01,0.00596688335333845,1.0000000000000002,-0.04545929836398192,1103,Training,LS
1971-04-01,0.006892088285142363,1.0,-0.04564361862539067,1106,Training,LS
1971-05-01,0.005608552950246309,1.0,-0.0449700012677623,1097,Training,LS
1971-06-01,0.007722572206285666,1.0,-0.045848480583462616,1107,Training,LS
1971-07-01,0.009458935397645873,0.9999999999999999,-0.044470261931167036,1144,Training,LS
1971-08-01,0.009285258279579132,0.9999999999999998,-0.04531106648309857,1146,Training,LS
1971-09-01,0.007944782601393635,1.0,-0.04397974522750742,1146,Training,LS
1971-10-01,0.003188336704698068,1.0,-0.043510737917985653,1168,Training,LS
1971-11-01,0.006230508970864674,1.0,-0.04398277181887693,1174,Training,LS
1971-12-01,0.004225297129074731,1.0,-0.04487731888556084,1178,Training,LS
1972-01-01,0.005814172450774948,1.0,-0.04538474696574646,1182,Training,LS
1972-02-01,0.006594701895576972,1.0,-0.04713868365441968,1187,Training,LS
1972-03-01,0.009423605875896145,1.0,-0.04728394155735985,1187,Training,LS
1972-04-01,0.011348030116920187,1.0000000000000002,-0.04636725443329234,1190,Training,LS
1972-05-01,-0.00022739559341719367,1.0,-0.046106464133798625,1197,Training,LS
1972-06-01,0.007233003241188839,0.9999999999999998,-0.0470522081236398,1204,Training,LS
1972-07-01,0.009893483264943088,0.9999999999999999,-0.04738317471118079,1242,Training,LS
1972-08-01,0.006882064625824822,0.9999999999999998,-0.046421958139007125,1237,Training,LS
1972-09-01,-0.0017399081138772484,1.0,-0.045083234466270085,1246,Training,LS
1972-10-01,0.006913336651785166,0.9999999999999999,-0.046114750743919845,1261,Training,LS
1972-11-01,0.004011633021150814,0.9999999999999998,-0.04568388503457941,1268,Training,LS
1972-12-01,0.007833814570219772,0.9999999999999999,-0.04650381074874382,1232,Training,LS
1973-01-01,0.007948531885731112,0.9999999999999998,-0.04635970696761495,1237,Training,LS
1973-02-01,0.0028264737461057366,1.0,-0.04573726945117696,1289,Training,LS
1973-03-01,0.005955822479815657,1.0,-0.04564625721256291,1293,Training,LS
1973-04-01,0.004236111545530074,1.0,-0.04670018481562307,1301,Training,LS
1973-05-01,0.013364892442328297,1.0,-0.04633555903788601,1304,Training,LS
1973-06-01,0.0036731951815661655,1.0000000000000002,-0.04700071820843351,1306,Training,LS
1973-07-01,0.005892458960707568,1.0,-0.04598548937225387,1326,Training,LS
1973-08-01,0.01087489285018537,1.0,-0.04543124090628713,1336,Training,LS
1973-09-01,0.0014350524599244007,1.0,-0.046191328790259965,1339,Training,LS
1973-10-01,0.012004977563173955,0.9999999999999999,-0.04608290959063339,1347,Training,LS
1973-11-01,0.0057057608322668915,1.0,-0.045932242623404396,1351,Training,LS
1973-12-01,0.0034655629425255088,0.9999999999999999,-0.04548770185520617,1359,Training,LS
1974-01-01,0.008478669830783627,0.9999999999999998,-0.045918814473295225,1367,Training,LS
1974-02-01,0.004022567971306921,0.9999999999999999,-0.0461825301962991,1370,Training,LS
1974-03-01,0.007283832344984598,1.0000000000000002,-0.04747758186965188,1381,Training,LS
1974-04-01,0.005591020959831033,1.0,-0.04802558941995588,1394,Training,LS
1974-05-01,0.005826301606919544,1.0,-0.04796372036732933,1402,Training,LS
1974-06-01,0.005184457231383509,1.0,-0.0466693666298986,1404,Training,LS
1974-07-01,0.010486390984416215,1.0,-0.04668293441921476,1407,Training,LS
1974-08-01,0.011653514922561567,0.9999999999999999,-0.04645933615547099,1414,Training,LS
1974-09-01,0.010036221991025255,1.0,-0.046990518414049214,1413,Training,LS
1974-10-01,0.013791248371696348,1.0,-0.04649437260201,1427,Training,LS
1974-11-01,0.005158869659689241,0.9999999999999998,-0.04619981262101775,1424,Training,LS
1974-12-01,0.006008143747521441,1.0,-0.045490059928464166,1410,Training,LS
1975-01-01,0.01066349655765814,1.0,-0.04483007787496507,1421,Training,LS
1975-02-01,0.004906464951753531,1.0,-0.04626670704427422,1426,Training,LS
1975-03-01,0.009525666244640902,1.0,-0.04622582884152941,1431,Training,LS
1975-04-01,0.01019858271686276,0.9999999999999998,-0.046177033884175635,1448,Training,LS
1975-05-01,0.007331251503407477,1.0,-0.04707677746655262,1461,Training,LS
1975-06-01,0.003366470774791776,1.0,-0.04686901453714606,1468,Training,LS
1975-07-01,0.006145145838809902,1.0000000000000002,-0.049056272305404054,1474,Training,LS
1975-08-01,0.009038969513504297,1.0,-0.04723880529204449,1426,Training,LS
1975-09-01,0.008008413673890227,1.0,-0.04781461544891263,1428,Training,LS
1975-10-01,0.007848178080743475,1.0,-0.046714329582948216,1478,Training,LS
1975-11-01,0.0017582140113490882,0.9999999999999999,-0.046235912854451465,1482,Training,LS
1975-12-01,0.004696508134370426,0.9999999999999999,-0.04655276577331789,1482,Training,LS
1976-01-01,0.012254723875027889,0.9999999999999999,-0.04641484470087273,1446,Training,LS
1976-02-01,0.0007213266896546448,1.0,-0.04755633019691807,1461,Training,LS
1976-03-01,0.0017556469024815743,1.0000000000000002,-0.04643418859221304,1446,Training,LS
1976-04-01,0.003566247920275521,1.0,-0.04627189333724254,1373,Training,LS
1976-05-01,0.005536748967553322,0.9999999999999999,-0.04669677530832591,1347,Training,LS
1976-06-01,0.0043340128457111955,1.0,-0.04667671234570321,1393,Training,LS
1976-07-01,0.005710835734341275,0.9999999999999998,-0.046859218412775266,1429,Training,LS
1976-08-01,0.0043699177007391395,1.0,-0.046609850849892914,1335,Training,LS
1976-09-01,0.005873310621553274,0.9999999999999999,-0.04569194613662656,1263,Training,LS
1976-10-01,0.006520063201280527,1.0,-0.045542061571703214,1230,Training,LS
1976-11-01,0.006558182882084715,1.0,-0.04666918794404126,1290,Training,LS
1976-12-01,0.011310410424820835,1.0,-0.045421414800092985,1312,Training,LS
1977-01-01,0.009346972476240717,1.0,-0.04601310828212468,1304,Training,LS
1977-02-01,0.010393364189187656,1.0000000000000002,-0.04713937169741325,1301,Training,LS
1977-03-01,0.008669845340228707,0.9999999999999999,-0.04762660719093973,1308,Training,LS
1977-04-01,0.010026674628587709,1.0,-0.04667546228399543,1323,Training,LS
1977-05-01,0.006223974445556047,1.0,-0.04652081048405702,1309,Training,LS
1977-06-01,0.004370140070366993,1.0,-0.04539205231178596,1308,Training,LS
1977-07-01,0.008089991849934468,1.0,-0.04639410847843122,1325,Training,LS
1977-08-01,0.006234607294288659,1.0,-0.04554779556313274,1334,Training,LS
1977-09-01,0.005060494333197603,1.0,-0.04433506273776802,1321,Training,LS
1977-10-01,0.0031824876414071395,1.0,-0.046157148124586496,1308,Training,LS
1977-11-01,0.007010206160600136,0.9999999999999998,-0.04483053471481774,1319,Training,LS
1977-12-01,0.007335832355393079,0.9999999999999999,-0.04373074277615514,1316,Training,LS
1978-01-01,0.00617437117565727,1.0,-0.044852655047932136,1415,Training,LS
1978-02-01,0.009686065210208218,1.0,-0.04553111578985254,1407,Training,LS
1978-03-01,0.007545322313382459,1.0,-0.0440195217136241,1359,Training,LS
1978-04-01,0.0013881783370193607,1.0,-0.04428618665011325,1364,Training,LS
1978-05-01,0.009443888069069676,0.9999999999999999,-0.044534703746491724,1411,Training,LS
1978-06-01,-0.00030926024147939464,1.0,-0.045056454365089524,1404,Training,LS
1978-07-01,0.00702100570464261,1.0,-0.04710987102011056,1392,Training,LS
1978-08-01,0.0035217677673086783,0.9999999999999999,-0.047964169095832676,1369,Training,LS
1978-09-01,0.006330568588887709,0.9999999999999999,-0.046499970118400034,1377,Training,LS
1978-10-01,0.005324210497882017,1.0,-0.047645120134574816,1386,Training,LS
1978-11-01,0.014010855201893819,1.0,-0.04616366721950839,1375,Training,LS
1978-12-01,0.008873132533714214,1.0,-0.04683191598859443,1375,Training,LS
1979-01-01,0.011655022723582856,1.0,-0.0459310652223811,1373,Training,LS
1979-02-01,0.005654728028170083,1.0,-0.04607463423104852,1365,Training,LS
1979-03-01,0.008657083110656362,1.0,-0.046818785319652355,1363,Training,LS
1979-04-01,0.007893463117865313,1.0,-0.04821223488061633,1312,Training,LS
1979-05-01,0.005504077120450502,0.9999999999999999,-0.04730572451119619,1320,Training,LS
1979-06-01,0.005912112958332842,0.9999999999999999,-0.0464138310649536,1372,Training,LS
1979-07-01,0.0073650763230540045,0.9999999999999999,-0.04529106298261965,1343,Training,LS
1979-08-01,0.006206625212104822,1.0,-0.045650504083293394,1329,Training,LS
1979-09-01,0.002306183191450118,0.9999999999999999,-0.04663058358804334,1352,Training,LS
1979-10-01,0.0016511564481993723,1.0000000000000002,-0.04604595997287584,1379,Training,LS
1979-11-01,0.009464287065523363,1.0,-0.0443504399260864,1376,Training,LS
1979-12-01,0.00685309970907235,1.0,-0.045093309379950576,1334,Training,LS
1980-01-01,0.004300116131466489,0.9999999999999998,-0.04582334104308863,1334,Training,LS
1980-02-01,-0.0003523879028234288,1.0,-0.0459104007989766,1368,Training,LS
1980-03-01,0.01212136760537916,1.0,-0.046503572451560796,1366,Training,LS
1980-04-01,0.0077603826121421995,1.0,-0.04451399659868053,1364,Training,LS
1980-05-01,0.0020813431344364826,1.0000000000000002,-0.044642396760289214,1361,Training,LS
1980-06-01,0.009269286274261683,1.0,-0.045635264835212117,1362,Training,LS
1980-07-01,0.009532619715696331,1.0,-0.0457207049164774,1359,Training,LS
1980-08-01,0.007028128377516495,1.0,-0.04614284870239006,1351,Training,LS
1980-09-01,0.007054155842940216,1.0,-0.04540555455987489,1347,Training,LS
1980-10-01,0.008671642580769849,0.9999999999999999,-0.045482770738172355,1349,Training,LS
1980-11-01,0.001809003093592862,0.9999999999999999,-0.04463107743809355,1347,Training,LS
1980-12-01,0.004070687107484662,1.0,-0.04433561542077956,1344,Training,LS
1981-01-01,0.00032643858630325255,1.0,-0.04315003351341842,1344,Training,LS
1981-02-01,0.004337022243845912,0.9999999999999999,-0.04408661862614965,1352,Training,LS
1981-03-01,0.005119745433682814,1.0,-0.04554130628949332,1353,Training,LS
1981-04-01,0.0046817086064165295,1.0,-0.044025957262849955,1361,Training,LS
1981-05-01,0.0026954229808995762,0.9999999999999999,-0.04533583402837706,1357,Training,LS
1981-06-01,0.01328358869295463,1.0,-0.045769860501462235,1355,Training,LS
1981-07-01,0.00509582345178688,1.0,-0.04565508489737726,1342,Training,LS
1981-08-01,0.005765385238257231,1.0,-0.04763274520179578,1336,Training,LS
1981-09-01,0.006695978368602486,0.9999999999999999,-0.045590148339646475,1454,Training,LS
1981-10-01,0.010723795804605953,1.0,-0.044027011524758686,1425,Training,LS
1981-11-01,0.004061804131443266,1.0,-0.04559045624594598,1433,Training,LS
1981-12-01,0.010129133775712895,0.9999999999999998,-0.04597536356012026,1462,Training,LS
1982-01-01,0.007093897713361568,1.0,-0.04526931227279151,1451,Training,LS
1982-02-01,0.009654046256580043,1.0,-0.045681305170340705,1368,Training,LS
1982-03-01,0.003998579925116772,1.0,-0.04481804780194223,1373,Training,LS
1982-04-01,0.0053438756498832805,0.9999999999999999,-0.04580983139794768,1423,Training,LS
1982-05-01,0.008911776117926234,0.9999999999999998,-0.04620661807796741,1414,Training,LS
1982-06-01,0.01019636568755598,1.0,-0.04614427994844625,1435,Training,LS
1982-07-01,0.0026134652059449015,1.0,-0.04594479535312682,1423,Training,LS
1982-08-01,0.0005030781878645974,1.0,-0.04524325361458039,1422,Training,LS
1982-09-01,0.013501643491362408,0.9999999999999999,-0.04455015177245005,1417,Training,LS
1982-10-01,0.00820542508916106,1.0,-0.04494374305823452,1417,Training,LS
1982-11-01,0.0011063804240144738,0.9999999999999998,-0.043852470853326324,1423,Training,LS
1982-12-01,0.003734095783758002,1.0,-0.04417705275716349,1419,Training,LS
1983-01-01,0.006165972490020613,1.0,-0.045681042426288655,1980,Training,LS
1983-02-01,0.01387776673591866,1.0,-0.04629844516000053,2120,Training,LS
1983-03-01,0.002135289505991015,1.0,-0.046506280649516715,2145,Training,LS
1983-04-01,0.006709413340840769,1.0000000000000002,-0.04575479855063987,2145,Training,LS
1983-05-01,0.00015000932299507323,0.9999999999999999,-0.0474217158105033,2138,Training,LS
1983-06-01,0.002883691994237351,1.0,-0.045103397427884134,2138,Training,LS
1983-07-01,0.00770509223139181,0.9999999999999999,-0.046243502196430177,2155,Training,LS
1983-08-01,0.00626142683633008,0.9999999999999999,-0.046725950520709644,2159,Training,LS
1983-09-01,0.008716896544761581,1.0,-0.04614812565000347,2154,Training,LS
1983-10-01,0.005814921372170383,1.0,-0.046551561312731825,2156,Training,LS
1983-11-01,0.0028715633274894446,1.0,-0.04506632970826787,2167,Training,LS
1983-12-01,0.009413210851587315,1.0,-0.04690842015248982,2177,Training,LS
1984-01-01,0.005923020675065448,0.9999999999999999,-0.047270995786605645,2164,Training,LS
1984-02-01,-0.00012302788027803558,0.9999999999999998,-0.04660823463860703,2158,Training,LS
1984-03-01,0.006612830278626752,0.9999999999999999,-0.044817943130836826,2161,Training,LS
1984-04-01,0.00903743676662048,1.0,-0.045043241873868343,2155,Training,LS
1984-05-01,0.00945699470260667,0.9999999999999998,-0.04571776846834343,2154,Training,LS
1984-06-01,0.00522824952729935,1.0,-0.04555911704470545,2149,Training,LS
1984-07-01,0.007924584917483537,0.9999999999999999,-0.04766539010465432,2132,Training,LS
1984-08-01,0.005065202508755911,1.0,-0.046686395794720836,2118,Training,LS
1984-09-01,0.012895929877101163,1.0,-0.04469706026064324,2067,Training,LS
1984-10-01,0.005815913819898885,1.0,-0.04710477327676222,2061,Training,LS
1984-11-01,0.009705542127250317,1.0,-0.04752406311340788,2079,Training,LS
1984-12-01,0.003730337453853084,1.0,-0.04669221524180243,2075,Training,LS
1985-01-01,0.008226045599818044,1.0,-0.04578922838945789,2076,Training,LS
1985-02-01,0.00775762884963741,1.0,-0.046514598101399025,2075,Training,LS
1985-03-01,0.010289890813640153,1.0,-0.046899101792862,2088,Training,LS
1985-04-01,0.009659240980153848,1.0,-0.04736411866921716,2091,Training,LS
1985-05-01,0.0069619594554756,1.0,-0.04646279696673239,2079,Training,LS
1985-06-01,0.005643628871393009,1.0,-0.04658600470190268,2072,Training,LS
1985-07-01,0.0008178207657154802,1.0,-0.04812882157939255,2079,Training,LS
1985-08-01,0.006975930339731759,1.0,-0.047529506080439744,2019,Training,LS
1985-09-01,0.007021148971310763,1.0,-0.04804751540888653,2018,Training,LS
1985-10-01,0.004918344309369089,1.0,-0.047406826399106095,2064,Training,LS
1985-11-01,0.007786944552204438,1.0,-0.046483883188944974,2067,Training,LS
1985-12-01,0.009902562247963575,1.0,-0.04755189138705593,2085,Training,LS
1986-01-01,0.007675214676588517,1.0000000000000002,-0.04697663516433443,2102,Training,LS
1986-02-01,0.008162980380253539,1.0,-0.04641170209137293,2113,Training,LS
1986-03-01,0.004830756390362215,0.9999999999999999,-0.04693252220210338,2107,Training,LS
1986-04-01,0.008343333457555134,1.0,-0.046265607552281325,2119,Training,LS
1986-05-01,0.005413532403831873,1.0,-0.04695973080480649,2134,Training,LS
1986-06-01,0.008988353660586527,0.9999999999999999,-0.04670243805499085,2136,Training,LS
1986-07-01,0.009202893442880658,1.0,-0.047793892367013945,2141,Training,LS
1986-08-01,0.010624593754380695,0.9999999999999998,-0.046575121212600476,2161,Training,LS
1986-09-01,0.003553854025926258,0.9999999999999999,-0.046248686927515166,2159,Training,LS
1986-10-01,0.012108503806332774,0.9999999999999999,-0.047438247815417514,2153,Training,LS
1986-11-01,0.0026244909266214724,1.0,-0.04611502907867436,2148,Training,LS
1986-12-01,0.0035345451751323535,1.0,-0.04667575347593408,2125,Training,LS
1987-01-01,0.0016572077660767651,0.9999999999999999,-0.046010440451675946,2131,Validation,LS
1987-02-01,0.003138733539387425,1.0,-0.04761805345319922,2130,Validation,LS
1987-03-01,0.004868323777135751,0.9999999999999999,-0.047955790168891656,2125,Validation,LS
1987-04-01,0.0016828268896406382,1.0,-0.04734540827684327,2118,Validation,LS
1987-05-01,-0.0034103607532961103,1.0,-0.04716650182195933,2112,Validation,LS
1987-06-01,0.0037651434616608115,1.0,-0.04673776247292832,2107,Validation,LS
1987-07-01,-0.0024826671768032682,1.0,-0.04736930114229828,2106,Validation,LS
1987-08-01,0.0029491722327557673,1.0,-0.04817054707198359,2108,Validation,LS
1987-09-01,0.008562149242139112,1.0,-0.04868920277414519,2105,Validation,LS
1987-10-01,0.011998763578157826,1.0,-0.04675863596214986,2098,Validation,LS
1987-11-01,0.006370751682290283,1.0,-0.03858371941034474,2086,Validation,LS
1987-12-01,0.007006741466100196,1.0,-0.04195913475443395,2115,Validation,LS
1988-01-01,0.012457780228183703,1.0,-0.04616185039880379,2135,Validation,LS
1988-02-01,0.006313241370011089,1.0,-0.04716180839073288,2133,Validation,LS
1988-03-01,0.012706629735169048,0.9999999999999999,-0.046557439121058905,2126,Validation,LS
1988-04-01,0.007662423425473525,1.0,-0.04759368312132691,2125,Validation,LS
1988-05-01,0.008174655466093765,1.0,-0.04751577266851206,2124,Validation,LS
1988-06-01,0.005377333389977672,1.0,-0.04583220130388562,2121,Validation,LS
1988-07-01,0.009550932189511589,1.0,-0.045005399713626874,2138,Validation,LS
1988-08-01,-0.00196803296008935,0.9999999999999999,-0.046083511521855504,2149,Validation,LS
1988-09-01,0.00015577697023195656,1.0,-0.045136787522129754,2174,Validation,LS
1988-10-01,0.002579102233863039,1.0,-0.0452660018877962,2184,Validation,LS
1988-11-01,0.007153467851777215,1.0,-0.04579962452378351,2196,Validation,LS
1988-12-01,0.0053982457811875785,0.9999999999999998,-0.04589617651303774,2208,Validation,LS
1989-01-01,-0.0017069606723568635,0.9999999999999998,-0.045961900352320395,2236,Validation,LS
1989-02-01,0.006281777141617583,1.0,-0.045758909404818235,2239,Validation,LS
1989-03-01,0.0015144275622609477,1.0,-0.0464245261232312,2241,Validation,LS
1989-04-01,0.007485086102725799,1.0,-0.04549737033606062,2245,Validation,LS
1989-05-01,0.0020568816199163682,1.0,-0.046369081547329036,2240,Validation,LS
1989-06-01,0.004101752560659294,1.0000000000000002,-0.045765392150292565,2241,Validation,LS
1989-07-01,0.0023976778678282793,1.0,-0.04594568591529982,2225,Validation,LS
1989-08-01,-0.004946638647263393,1.0,-0.04490290474335037,2225,Validation,LS
1989-09-01,0.00022641215389904913,0.9999999999999999,-0.044876599013910216,2225,Validation,LS
1989-10-01,0.0037763004821249383,1.0,-0.04567541881417199,2220,Validation,LS
1989-11-01,-0.0023010840441711152,1.0,-0.04449702203708059,2212,Validation,LS
1989-12-01,0.0035193383073540883,0.9999999999999999,-0.04425804896057332,2209,Validation,LS
1990-01-01,0.010013997940962794,1.0,-0.04627819632987198,2206,Validation,LS
1990-02-01,0.00512799599640588,1.0,-0.04489153160593372,2204,Validation,LS
1990-03-01,0.008462524358151213,1.0,-0.04684077624287893,2198,Validation,LS
1990-04-01,0.0013069266048639624,1.0,-0.04677500404940546,2203,Validation,LS
1990-05-01,0.00043131060267953824,1.0,-0.046835935871526735,2197,Validation,LS
1990-06-01,0.005274407480069082,1.0000000000000002,-0.04566917566370474,2207,Validation,LS
1990-07-01,0.010921913841945128,1.0,-0.048872174062430294,2205,Validation,LS
1990-08-01,-0.0038873079537841246,1.0,-0.04852273543053166,2204,Validation,LS
1990-09-01,0.0024037219021520477,1.0,-0.04554922566233252,2209,Validation,LS
1990-10-01,0.003816308199958242,1.0,-0.045376495208280125,2209,Validation,LS
1990-11-01,0.007225827305396555,0.9999999999999999,-0.04569658836204949,2224,Validation,LS
1990-12-01,0.006116947490138008,1.0,-0.04719048890386198,2232,Validation,LS
1991-01-01,0.011726543403470046,0.9999999999999999,-0.047075629592326786,2245,Validation,LS
1991-02-01,-0.005671233035968715,0.9999999999999998,-0.04700347615011889,2244,Validation,LS
1991-03-01,0.005977138605427095,1.0,-0.04760294582507878,2257,Validation,LS
1991-04-01,0.005213116988583935,1.0,-0.04851648753124006,2263,Validation,LS
1991-05-01,0.006616626506223647,1.0,-0.0479226562384345,2284,Validation,LS
1991-06-01,0.008517992977944634,1.0,-0.04877474949702821,2299,Validation,LS
1991-07-01,0.008677834072293378,1.0,-0.04759561011264731,2327,Validation,LS
1991-08-01,-0.005432213047345701,1.0,-0.04827088602638178,2339,Validation,LS
1991-09-01,0.004922603095422264,0.9999999999999999,-0.04742837378878988,2353,Validation,LS
1991-10-01,-0.012092716492882556,0.9999999999999999,-0.047872796480266024,2367,Validation,LS
1991-11-01,-0.0033729744620024566,0.9999999999999999,-0.0473454535942753,2382,Validation,LS
1991-12-01,0.004814931977588383,1.0,-0.047716216940500704,2397,Validation,LS
1992-01-01,0.007531432046179787,1.0,-0.046956865948800955,2421,Test,LS
1992-02-01,0.004781850694887581,1.0,-0.0463785703170921,2430,Test,LS
1992-03-01,0.0030551645689884505,1.0000000000000002,-0.04834853159770536,2441,Test,LS
1992-04-01,0.008897494720174367,1.0000000000000002,-0.04683510315237507,2451,Test,LS
1992-05-01,0.005719141891084904,1.0,-0.047154371199674416,2454,Test,LS
1992-06-01,0.009583372772133749,1.0,-0.04732934083138083,2474,Test,LS
1992-07-01,0.012520937282747039,1.0,-0.045695114697435965,2486,Test,LS
1992-08-01,0.007111534336473646,0.9999999999999999,-0.04637623995131824,2507,Test,LS
1992-09-01,0.003438533261979275,0.9999999999999998,-0.04738353432498331,2526,Test,LS
1992-10-01,0.004646140861227143,1.0000000000000002,-0.04808068907472887,2548,Test,LS
1992-11-01,0.010946539131540062,1.0,-0.04667991328546849,2561,Test,LS
1992-12-01,0.013098271422009266,1.0,-0.04744656878463543,2555,Test,LS
1993-01-01,0.01830693402738963,1.0,-0.04783144580573971,2555,Test,LS
1993-02-01,0.006516872311956604,1.0,-0.048696918757762546,2543,Test,LS
1993-03-01,0.006267807625783721,1.0,-0.0478773363221628,2541,Test,LS
1993-04-01,0.008701280296572331,1.0,-0.04767825697843535,2545,Test,LS
1993-05-01,-0.004334631886725339,1.0000000000000002,-0.04798405846973334,2549,Test,LS
1993-06-01,0.007147019309545479,1.0,-0.047514810645094614,2558,Test,LS
1993-07-01,0.006630448675376125,0.9999999999999999,-0.04854592977448621,2566,Test,LS
1993-08-01,0.013058730080100934,1.0,-0.04863157469375676,2558,Test,LS
1993-09-01,0.005107825236353203,1.0000000000000002,-0.04866812707575951,2552,Test,LS
1993-10-01,0.005476179439668777,1.0000000000000002,-0.04826376715567873,2554,Test,LS
1993-11-01,0.0009275285955419074,0.9999999999999998,-0.047014020424200595,2574,Test,LS
1993-12-01,0.011108436694524913,1.0,-0.04721297009718524,2576,Test,LS
1994-01-01,-0.0009468332756725018,1.0,-0.048291935594285476,2581,Test,LS
1994-02-01,0.00016628730746761432,1.0,-0.04789904611374014,2578,Test,LS
1994-03-01,0.009545829786422568,1.0,-0.04815193207509968,2580,Test,LS
1994-04-01,0.009047981471338725,1.0,-0.048087231134776594,2578,Test,LS
1994-05-01,-0.004641595237787093,1.0,-0.04736252039974903,2587,Test,LS
1994-06-01,0.0054136907868723915,1.0,-0.04672860073376658,2596,Test,LS
1994-07-01,0.0002717890905369737,1.0000000000000002,-0.04802364849023012,2615,Test,LS
1994-08-01,0.0025731332228314443,0.9999999999999998,-0.04597481023671057,2627,Test,LS
1994-09-01,0.005031656041474245,0.9999999999999999,-0.04783157698444651,2619,Test,LS
1994-10-01,0.006432705142316599,1.0,-0.047733046731271316,2617,Test,LS
1994-11-01,0.006970290398899398,1.0,-0.047088419159776296,2619,Test,LS
1994-12-01,0.009210418970699753,0.9999999999999998,-0.047053204171533886,2609,Test,LS
1995-01-01,0.009739923099629604,1.0,-0.04735425465094608,2610,Test,LS
1995-02-01,-0.0006061439556028047,0.9999999999999999,-0.047556422726872424,2604,Test,LS
1995-03-01,0.0022590508717328472,1.0,-0.04695508383970535,2599,Test,LS
1995-04-01,0.0024642512885808495,1.0000000000000002,-0.046974960136786745,2602,Test,LS
1995-05-01,-5.029608932777122e-05,1.0,-0.04794824301820856,2617,Test,LS
1995-06-01,0.008319462430504207,1.0,-0.04643560947474264,2622,Test,LS
1995-07-01,0.003978121412018193,0.9999999999999999,-0.04778549027868195,2623,Test,LS
1995-08-01,0.0063067752014181,0.9999999999999998,-0.048168133569068516,2627,Test,LS
1995-09-01,-0.002105185671120028,0.9999999999999999,-0.048740464575948425,2629,Test,LS
1995-10-01,0.009166901108104274,1.0,-0.048445655590493936,2625,Test,LS
1995-11-01,0.002049781231949052,1.0,-0.04797752703930524,2610,Test,LS
1995-12-01,0.006395831302271157,1.0,-0.048100062381972154,2604,Test,LS
1996-01-01,-0.0017586364712896538,1.0,-0.047252451580068563,2596,Test,LS
1996-02-01,0.004598014524044274,1.0,-0.04691566072140169,2589,Test,LS
1996-03-01,-0.005004171575569935,1.0,-0.04817072968460394,2582,Test,LS
1996-04-01,0.005400912466678627,1.0,-0.04751643941592271,2588,Test,LS
1996-05-01,-0.006593182207180863,1.0,-0.0472613215972853,2592,Test,LS
1996-06-01,0.01134409407624537,1.0,-0.04737585280725078,2607,Test,LS
1996-07-01,0.008799741338319445,1.0,-0.04823021306809797,2634,Test,LS
1996-08-01,0.007827870831712862,1.0,-0.04701300539141408,2641,Test,LS
1996-09-01,0.0010430888139857917,0.9999999999999999,-0.04742687241242959,2647,Test,LS
1996-10-01,0.008161001037350539,1.0,-0.04769884776406494,2645,Test,LS
1996-11-01,0.006048445839140155,1.0,-0.04702144869872998,2661,Test,LS
1996-12-01,0.011120240160925329,1.0,-0.047756079812283955,2658,Test,LS
1997-01-01,0.01309051518034217,1.0,-0.04777717533441165,2660,Test,LS
1997-02-01,0.004348564004983018,1.0,-0.04718162199435602,2668,Test,LS
1997-03-01,0.01016512419632403,0.9999999999999999,-0.047506094821243204,2674,Test,LS
1997-04-01,0.0033737495550820763,1.0,-0.047278962877726025,2701,Test,LS
1997-05-01,-0.006372767001261107,1.0,-0.04659449386865105,2716,Test,LS
1997-06-01,0.017189381817938554,1.0,-0.04626461136748813,2718,Test,LS
1997-07-01,0.0035621970841819544,1.0,-0.047372112824087625,2731,Test,LS
1997-08-01,0.0033487769305283145,1.0,-0.04729705432148578,2720,Test,LS
1997-09-01,-0.00038603738377643917,0.9999999999999999,-0.048149395999853184,2713,Test,LS
1997-10-01,0.007011728211661477,1.0,-0.0464168260299874,2700,Test,LS
1997-11-01,0.008243879611953038,1.0,-0.04528572162416924,2714,Test,LS
1997-12-01,0.011804340606984641,1.0,-0.045168242635341964,2703,Test,LS
1998-01-01,0.009888198264363107,0.9999999999999999,-0.04588819491974792,2702,Test,LS
1998-02-01,0.004856170274944686,1.0,-0.04576564944783999,2699,Test,LS
1998-03-01,-0.0013244816547152063,1.0000000000000002,-0.04635275273106878,2697,Test,LS
1998-04-01,0.013381670033622499,1.0,-0.04567874551818035,2715,Test,LS
1998-05-01,0.012187957638583118,1.0,-0.047027149467015285,2719,Test,LS
1998-06-01,0.0012636545030746918,1.0,-0.046834112431193,2720,Test,LS
1998-07-01,0.009847283536339136,1.0,-0.04591633889276193,2743,Test,LS
1998-08-01,0.013446286197758672,1.0,-0.04598054046590971,2751,Test,LS
1998-09-01,0.009193954293702693,1.0,-0.04621969180764027,2754,Test,LS
1998-10-01,0.010139139740075439,1.0,-0.04511013865199619,2755,Test,LS
1998-11-01,0.010062231771129549,1.0,-0.0452964524326147,2764,Test,LS
1998-12-01,0.0031674090386955393,1.0,-0.04598227455737613,2781,Test,LS
1999-01-01,-0.002267813613535496,1.0,-0.04578473182114126,2793,Test,LS
1999-02-01,0.006565607324649518,1.0,-0.045567402883319306,2791,Test,LS
1999-03-01,0.0028315338829315536,0.9999999999999998,-0.046570563948703826,2780,Test,LS
1999-04-01,-0.004518976524968334,1.0,-0.04446099676869612,2794,Test,LS
1999-05-01,0.008523561389182352,1.0,-0.04570041846027362,2796,Test,LS
1999-06-01,0.003629290453639254,0.9999999999999999,-0.046491467761950914,2789,Test,LS
1999-07-01,0.003478428523163828,1.0,-0.04657920070630096,2762,Test,LS
1999-08-01,0.006167325849813763,1.0,-0.04685012792491525,2739,Test,LS
1999-09-01,0.0062993098700870566,0.9999999999999999,-0.046923409950210576,2721,Test,LS
1999-10-01,0.0025982787233489162,1.0,-0.04638357643172741,2714,Test,LS
1999-11-01,-0.01761208478963159,1.0,-0.045927746991568874,2703,Test,LS
1999-12-01,-0.013049035845949512,1.0,-0.045355855582941404,2696,Test,LS
2000-01-01,-0.0005382183974024257,1.0,-0.04612085949479881,2698,Test,LS
2000-02-01,-0.05335398958194785,1.0,-0.046469866254320126,2683,Test,LS
2000-03-01,0.026844394292226435,1.0,-0.04526253550850378,2680,Test,LS
2000-04-01,0.03986664934597131,0.9999999999999999,-0.044639006883444944,2678,Test,LS
2000-05-01,0.008978635133515024,0.9999999999999998,-0.046144599275644745,2670,Test,LS
2000-06-01,0.014597487192962586,0.9999999999999997,-0.04622890625928342,2661,Test,LS
2000-07-01,0.012194687806900514,1.0,-0.04545720035616296,2675,Test,LS
2000-08-01,0.01243282401050242,1.0,-0.04635521518896235,2665,Test,LS
2000-09-01,0.011921782818956362,0.9999999999999999,-0.04735958923986564,2646,Test,LS
2000-10-01,0.009195888821696975,1.0,-0.04799196037396064,2632,Test,LS
2000-11-01,-0.004941277983634316,1.0,-0.045675025730641236,2618,Test,LS
2000-12-01,0.01447447592340986,0.9999999999999999,-0.04688308365133764,2615,Test,LS
2001-01-01,0.02025345396279365,1.0,-0.04559672762164007,2622,Test,LS
2001-02-01,0.026929749003774487,1.0,-0.04603288497212261,2613,Test,LS
2001-03-01,0.005553780442509523,1.0,-0.0471220078253716,2614,Test,LS
2001-04-01,0.013976019906366042,1.0,-0.045698733286199035,2611,Test,LS
2001-05-01,0.006104543873741604,1.0,-0.04699387369856562,2601,Test,LS
2001-06-01,0.00845437305844261,1.0,-0.046079384672789124,2614,Test,LS
2001-07-01,0.011835541609926989,1.0,-0.04692443457774779,2636,Test,LS
2001-08-01,0.008328097650514881,0.9999999999999999,-0.04610241841285764,2614,Test,LS
2001-09-01,0.006604639565216595,1.0,-0.04612062444679504,2623,Test,LS
2001-10-01,-0.008236092095621017,1.0,-0.044525357794638044,2623,Test,LS
2001-11-01,-0.013117550660127694,1.0,-0.04356710304722817,2630,Test,LS
2001-12-01,0.0010029928323618546,0.9999999999999998,-0.04534826308156633,2649,Test,LS
2002-01-01,0.01781899358107627,1.0,-0.04476045047167669,2662,Test,LS
2002-02-01,0.0157580400241287,1.0000000000000002,-0.04631102540015533,2658,Test,LS
2002-03-01,0.003384728804899398,1.0,-0.04618177605775822,2664,Test,LS
2002-04-01,0.022061196704435296,0.9999999999999999,-0.04521988340904315,2663,Test,LS
2002-05-01,0.004740602847757803,1.0,-0.04710316457926217,2655,Test,LS
2002-06-01,0.016217779466912097,1.0,-0.046238857693009935,2651,Test,LS
2002-07-01,0.01399458546639407,1.0,-0.04538534100014328,2684,Test,LS
2002-08-01,0.0033138637067667343,1.0,-0.04565100494233514,2695,Test,LS
2002-09-01,0.01722729742673338,1.0,-0.04512724910123951,2699,Test,LS
2002-10-01,-0.004637543748956889,1.0,-0.046163015536678134,2688,Test,LS
2002-11-01,-0.03374049518354328,1.0000000000000002,-0.04446791093879501,2705,Test,LS
2002-12-01,0.03149232195643501,1.0,-0.04371969538890572,2707,Test,LS
2003-01-01,0.0016204042664428242,1.0,-0.04562442168592224,2693,Test,LS
2003-02-01,0.0007613646962286697,1.0,-0.045447053329083345,2684,Test,LS
2003-03-01,-0.0019293135129384912,1.0,-0.04590231471357963,2684,Test,LS
2003-04-01,-0.012826193167278881,1.0,-0.044737190094512935,2681,Test,LS
2003-05-01,-0.010325066740370755,1.0,-0.045198012524248495,2690,Test,LS
2003-06-01,-0.00016391595532731266,1.0,-0.04558692263853856,2692,Test,LS
2003-07-01,-0.004859076414468255,0.9999999999999999,-0.04622859319375947,2748,Test,LS
2003-08-01,0.001220718319740143,1.0,-0.04617993218405427,2752,Test,LS
2003-09-01,-0.0022071142744862654,1.0,-0.0470406513866495,2666,Test,LS
2003-10-01,-0.008742574638365747,1.0,-0.045852481298047816,2654,Test,LS
2003-11-01,-0.005207385420880193,0.9999999999999999,-0.04622234862312306,2722,Test,LS
2003-12-01,0.012236763175802235,0.9999999999999998,-0.04669981080415611,2707,Test,LS
2004-01-01,-0.010728920273488537,0.9999999999999999,-0.04677437043006592,2694,Test,LS
2004-02-01,0.004792498543639226,0.9999999999999999,-0.04644822463882106,2688,Test,LS
2004-03-01,-0.004009701918071141,1.0,-0.046251617987737005,2693,Test,LS
2004-04-01,0.0028517512800560365,1.0,-0.04575344196834706,2688,Test,LS
2004-05-01,-0.0013543976245626046,1.0,-0.045290981040338775,2692,Test,LS
2004-06-01,0.007126448131888609,0.9999999999999999,-0.04584084956871335,2689,Test,LS
2004-07-01,0.013129896440835441,1.0,-0.04596320960379628,2726,Test,LS
2004-08-01,0.001183139514915016,1.0,-0.04412000483269294,2740,Test,LS
2004-09-01,0.003397088923388753,1.0000000000000002,-0.04302014786229362,2753,Test,LS
2004-10-01,-0.0057232699987910226,1.0,-0.045839697646474185,2759,Test,LS
2004-11-01,-0.005837760300774655,0.9999999999999998,-0.044126605035903384,2770,Test,LS
2004-12-01,-0.006027562348625043,1.0,-0.0446000473309971,2779,Test,LS
2005-01-01,0.018992813095300785,1.0,-0.04603846857540116,2776,Test,LS
2005-02-01,0.0027150123583547328,0.9999999999999999,-0.04511595066616999,2769,Test,LS
2005-03-01,0.00128420286083312,1.0,-0.04479275860158451,2786,Test,LS
2005-04-01,0.0038832930807015187,1.0,-0.0444435707958363,2793,Test,LS
2005-05-01,0.0015773452653376717,1.0,-0.044058216671989475,2797,Test,LS
2005-06-01,0.00753944836346252,1.0000000000000002,-0.04475410631075785,2793,Test,LS
2005-07-01,-0.00047785724000741904,1.0,-0.04558841208833934,2815,Test,LS
2005-08-01,0.004491881721412737,1.0,-0.04530004366872809,2818,Test,LS
2005-09-01,-0.00025216113766742194,1.0000000000000002,-0.044558578504096065,2826,Test,LS
2005-10-01,0.004152094236192505,1.0,-0.04444486783106872,2822,Test,LS
2005-11-01,-0.0013551568557224605,1.0,-0.04337757069969354,2815,Test,LS
2005-12-01,0.0079799315892546,1.0,-0.04374527645684616,2809,Test,LS
2006-01-01,0.0010242358769624758,1.0,-0.04563625061238636,2801,Test,LS
2006-02-01,0.00196324858864258,1.0,-0.04356122211757525,2789,Test,LS
2006-03-01,-0.005605469215924099,1.0,-0.04429286622817939,2783,Test,LS
2006-04-01,0.00024241112450980288,1.0,-0.044760730882370044,2773,Test,LS
2006-05-01,0.0038185447727512993,0.9999999999999998,-0.04550728797290687,2762,Test,LS
2006-06-01,0.001926099352403219,1.0,-0.04420230678181618,2753,Test,LS
2006-07-01,0.005916950135507115,0.9999999999999999,-0.044156027381814046,2749,Test,LS
2006-08-01,0.001839131545889132,0.9999999999999998,-0.04283222116444931,2744,Test,LS
2006-09-01,0.0028648699054816366,1.0,-0.04324664856762893,2737,Test,LS
2006-10-01,0.0028946880938307473,0.9999999999999998,-0.04505866319715736,2724,Test,LS
2006-11-01,-0.004347663719488576,0.9999999999999998,-0.044507050786983596,2712,Test,LS
2006-12-01,0.0030184010203722473,0.9999999999999998,-0.045708327239782104,2697,Test,LS
2007-01-01,0.003271809762222118,1.0,-0.04583298496591368,2675,Test,LS
2007-02-01,0.0008703239951855323,1.0,-0.0450453610832509,2666,Test,LS
2007-03-01,0.004441389982106444,1.0,-0.04328614688893098,2646,Test,LS
2007-04-01,0.004262721207799356,0.9999999999999999,-0.044132203424237244,2627,Test,LS
2007-05-01,0.003302822938123019,1.0,-0.04439777534688195,2614,Test,LS
2007-06-01,0.004380008080471365,1.0,-0.04344152909779763,2588,Test,LS
2007-07-01,-0.008669356130273639,1.0,-0.04530548008829559,2569,Test,LS
2007-08-01,-0.00464354083718934,1.0,-0.04338018493861415,2552,Test,LS
2007-09-01,-0.00024250207611246983,1.0,-0.042630352737663274,2532,Test,LS
2007-10-01,0.0022291305867128655,1.0,-0.04468013357257147,2507,Test,LS
2007-11-01,-0.002746683833899782,1.0,-0.04337789597519619,2489,Test,LS
2007-12-01,0.0011250783115490895,1.0,-0.04301769428744601,2469,Test,LS
2008-01-01,0.0007681685464537394,1.0,-0.04343602200936246,2470,Test,LS
2008-02-01,0.013865326725661369,0.9999999999999998,-0.04233407299769009,2460,Test,LS
2008-03-01,-0.005151996203924465,1.0,-0.0441156384718599,2446,Test,LS
2008-04-01,0.004340323176630429,1.0,-0.04281600378254207,2437,Test,LS
2008-05-01,0.0035589438206873126,1.0,-0.043169540808916725,2417,Test,LS
2008-06-01,0.0017981504762152275,1.0,-0.04327898403765607,2401,Test,LS
2008-07-01,0.0009754669657152291,0.9999999999999999,-0.04420662146138198,2398,Test,LS
2008-08-01,-0.0097352871233127,1.0,-0.041987827261067895,2391,Test,LS
2008-09-01,-0.0013069508951559419,1.0,-0.04215171852289066,2384,Test,LS
2008-10-01,0.0028734829244987142,1.0,-0.041200052942066676,2371,Test,LS
2008-11-01,0.00871803925157679,1.0000000000000002,-0.039834852774917995,2363,Test,LS
2008-12-01,0.028250906383330124,1.0,-0.041046521261869875,2363,Test,LS
2009-01-01,0.015715942560848017,1.0,-0.043324244911140175,2362,Test,LS
2009-02-01,0.00023089933798883236,1.0,-0.04392318390767989,2353,Test,LS
2009-03-01,0.01326137025543217,1.0,-0.044242071052487196,2337,Test,LS
2009-04-01,-0.014255196165663984,1.0,-0.04276012215031745,2328,Test,LS
2009-05-01,-0.006611311688559299,0.9999999999999999,-0.04326188810655963,2326,Test,LS
2009-06-01,0.009664669636331075,1.0,-0.04260016318768916,2319,Test,LS
2009-07-01,0.0010362820151000125,1.0,-0.0441114513842651,2328,Test,LS
2009-08-01,-0.01095573126253008,1.0,-0.04430943871359097,2332,Test,LS
2009-09-01,-0.012822790158733978,1.0,-0.04421873822471131,2334,Test,LS
2009-10-01,0.006833648883839628,1.0000000000000002,-0.045649571265937744,2337,Test,LS
2009-11-01,0.001322347954642839,1.0,-0.04465696644988713,2328,Test,LS
2009-12-01,0.0013405644223552587,1.0,-0.044596507566100195,2328,Test,LS
2010-01-01,0.0024221411469223884,0.9999999999999999,-0.045509567596075384,2330,Test,LS
2010-02-01,0.0023281251359407997,1.0,-0.04490521776773774,2317,Test,LS
2010-03-01,0.003941807012923326,0.9999999999999998,-0.04343094267573899,2312,Test,LS
2010-04-01,-0.0006768285704129826,1.0,-0.04415943478313863,2306,Test,LS
2010-05-01,0.001152071535300984,1.0,-0.045385532994469145,2298,Test,LS
2010-06-01,0.000234680446164589,0.9999999999999999,-0.040976671563038844,2301,Test,LS
2010-07-01,-0.0002720817408167509,1.0,-0.03999417926645678,2291,Test,LS
2010-08-01,0.0032832793723861263,1.0,-0.041046999080199244,2295,Test,LS
2010-09-01,0.0020073885112982044,1.0,-0.04222957566806415,2307,Test,LS
2010-10-01,7.527847242370442e-05,1.0,-0.042309228467322185,2308,Test,LS
2010-11-01,0.000416613665656455,1.0,-0.04301489242268384,2304,Test,LS
2010-12-01,-0.006740270860525215,1.0,-0.043431467408584674,2298,Test,LS
2011-01-01,0.001511195088136932,1.0000000000000002,-0.043533487202657976,2301,Test,LS
2011-02-01,-0.0074381855636380945,1.0,-0.04393636215018914,2302,Test,LS
2011-03-01,0.005575852718367185,1.0,-0.04273758638360621,2303,Test,LS
2011-04-01,0.004068668840017917,1.0,-0.043115434993219855,2292,Test,LS
2011-05-01,0.004175311667575851,1.0,-0.04323492905614786,2284,Test,LS
2011-06-01,0.0054776298491398204,1.0,-0.04362367576778038,2270,Test,LS
2011-07-01,0.0021482661573865216,1.0,-0.04334825976447684,2273,Test,LS
2011-08-01,-0.0006631419505856599,1.0,-0.04165284982495936,2267,Test,LS
2011-09-01,0.002661499960083152,1.0,-0.03871935661287522,2264,Test,LS
2011-10-01,0.019174142781878453,1.0,-0.03976398998318847,2258,Test,LS
2011-11-01,0.003069316962991819,0.9999999999999999,-0.03920835028416654,2260,Test,LS
2011-12-01,-0.0011559309984215615,1.0,-0.03878224744300646,2261,Test,LS
2012-01-01,0.004475319754989023,1.0,-0.040175393717757454,2258,Test,LS
2012-02-01,0.00028431228893737505,0.9999999999999999,-0.04198140244636917,2252,Test,LS
2012-03-01,0.0022327648102312093,0.9999999999999998,-0.043050037125866754,2254,Test,LS
2012-04-01,0.010287016984886316,1.0,-0.04365165969263592,2253,Test,LS
2012-05-01,0.0036003145546010893,1.0,-0.04283443875093751,2256,Test,LS
2012-06-01,-0.001001409516415814,1.0,-0.043165902513065554,2259,Test,LS
2012-07-01,0.00415012129833931,1.0,-0.0440421006876975,2254,Test,LS
2012-08-01,-0.0011676867309848413,1.0,-0.043564618629432526,2250,Test,LS
2012-09-01,0.003667790486088219,0.9999999999999999,-0.04370332782037848,2261,Test,LS
2012-10-01,0.006497406191793382,1.0,-0.045603605698195576,2245,Test,LS
2012-11-01,0.0005503239615886756,1.0,-0.043740617958030685,2251,Test,LS
2012-12-01,-0.004284196361114982,1.0,-0.043635513730776176,2246,Test,LS
2013-01-01,0.0007837495477988363,1.0,-0.04356429728216328,2250,Test,LS
2013-02-01,0.0037956670086743013,0.9999999999999999,-0.0440201564642438,2244,Test,LS
2013-03-01,0.0006471359192713154,1.0,-0.04360486547352919,2243,Test,LS
2013-04-01,0.009776382949649077,1.0,-0.04485338238585943,2230,Test,LS
2013-05-01,0.0016414056202212514,1.0,-0.04373483746103501,2220,Test,LS
2013-06-01,0.005719865412611181,0.9999999999999999,-0.04356983911626952,2215,Test,LS
2013-07-01,-0.0007487722241879302,1.0,-0.044520671728087484,2207,Test,LS
2013-08-01,0.004887750620916786,1.0,-0.04346860899969847,2200,Test,LS
2013-09-01,-0.003565344982409679,0.9999999999999999,-0.0436815454842651,2196,Test,LS
2013-10-01,0.006551626277583936,1.0,-0.04441755320339688,2186,Test,LS
2013-11-01,0.0036989562952262547,1.0,-0.04401932918849983,2178,Test,LS
2013-12-01,-0.003450820323991787,1.0000000000000002,-0.04407312177886173,2164,Test,LS
2014-01-01,0.001997866752741843,1.0,-0.04516745664392734,2157,Test,LS
2014-02-01,-0.004655535682164882,1.0,-0.043282854167879456,2139,Test,LS
2014-03-01,0.0038917423795978697,1.0,-0.0426802565550962,2135,Test,LS
2014-04-01,0.0047811808462076884,1.0,-0.04336105773243511,2127,Test,LS
2014-05-01,0.0022762422146732934,1.0,-0.04276357850013817,2121,Test,LS
2014-06-01,-0.0002360359239824807,1.0,-0.04293507877130286,2117,Test,LS
2014-07-01,0.009909486349546947,1.0,-0.045010425299997346,2116,Test,LS
2014-08-01,-0.0048622734119851225,1.0,-0.04556000858300818,2111,Test,LS
2014-09-01,-0.0005432755261846817,1.0000000000000002,-0.04426999259798742,2110,Test,LS
2014-10-01,0.007752769266159951,1.0,-0.04522451727576319,2104,Test,LS
2014-11-01,0.001734367143536885,1.0,-0.04338220015291189,2103,Test,LS
2014-12-01,-0.0015369155647919793,1.0,-0.0450466991053607,2098,Test,LS
2015-01-01,0.004574382907877908,1.0,-0.04453619816352389,2094,Test,LS
2015-02-01,-0.0037589023124541933,1.0,-0.043636629918578446,2078,Test,LS
2015-03-01,0.008794500870567018,1.0,-0.04401779067420128,2077,Test,LS
2015-04-01,-0.002035675914453832,1.0,-0.04574855592619304,2076,Test,LS
2015-05-01,0.017327721547958412,1.0,-0.04486076901550657,2073,Test,LS
2015-06-01,0.003221192747328629,0.9999999999999998,-0.045595503683895235,2073,Test,LS
2015-07-01,0.004550335120545135,1.0,-0.04508903635399582,2057,Test,LS
2015-08-01,-0.0023487921573172163,1.0,-0.04431412103819496,2057,Test,LS
2015-09-01,0.01036250657000887,1.0,-0.0431148905258686,2049,Test,LS
2015-10-01,0.0018626421529220798,1.0,-0.04396730948489039,2036,Test,LS
2015-11-01,-0.0050374552130708905,1.0,-0.04301359931614841,2038,Test,LS
2015-12-01,0.0029355506165331265,1.0,-0.04454548124660085,2032,Test,LS
2016-01-01,0.004052390106565382,1.0,-0.044661134434359887,2023,Test,LS
2016-02-01,-0.004141812608830408,0.9999999999999999,-0.04390743143219719,2013,Test,LS
2016-03-01,-0.0035580322556907147,1.0,-0.0429258941634778,2004,Test,LS
2016-04-01,-0.019068767869848766,0.9999999999999999,-0.04403369117447999,1988,Test,LS
2016-05-01,0.012638344431641609,1.0,-0.04355983642444835,1976,Test,LS
2016-06-01,-0.008998646864305388,0.9999999999999999,-0.044807477081358564,1971,Test,LS
2016-07-01,-0.012918285041764118,1.0000000000000002,-0.04366505163269234,1966,Test,LS
2016-08-01,0.0026755036531273,1.0,-0.04206729125290909,1955,Test,LS
2016-09-01,0.003890878959474513,0.9999999999999999,-0.043800610227888566,1942,Test,LS
2016-10-01,0.018185377636092515,1.0,-0.04451064654080899,1942,Test,LS
2016-11-01,-0.00012301599966839662,1.0,-0.04379474559146516,1935,Test,LS
2016-12-01,0.0005972729206139636,1.0,-0.043273400478828244,1933,Test,LS
